Ống nhòm svbony sv47, Ống Nhòm nhỏ gọn cho người lớn, kính viễn vọng không thấm nước chống hơi nước IPX7, Ống Nhòm FMC BAK4 để ngắm chim ngoài trời, Ống Nhòm birding với dây đeo cổ, quà tặng cho người mới bắt đầu
Svbony Sv42 Ống nhòm tầm xa 8x42 được xây dựng trong la bàn Rangefinder HD hoàn toàn đa lớp tráng phủ không thấm nước không sương mù Ống nhòm một mắt cho biển cắm trại du lịch
Svbony Sv45 10-30x50/10x50/12x50 Một Mắt Kính thiên văn mạnh mẽ HD FMC BAK4 lăng kính Ống nhòm không thấm nước cho ngắm chim Cắm Trại Đi Bộ Đường Dài du lịch ngoài trời hoạt động
Ống nhòm đôi du lịch cao cấp 3D 30x60 thích hợp ngắm cảnh leo núi hay quan sát các cuộc thi thể thao,...
Svbony sa201 Ống Nhòm Hai Mắt quân sự biển range7x50 IPX7 nổi không thấm nước BAK4 lăng kính Porro FMC Rangefinder la bàn với dây nịt Kính thiên văn công suất cao nhỏ gọn để chèo thuyền điều hướng du lịch kiểm tra rừng câu cá
SVBONY SV49 Monocular Telescope Zoom 13x50 /10-30X50 Long Range High Definition Waterproof Handheld Portable Thermal Monocular for Travel Birdwatching Moonwatching
Ống nhòm đo khoảng cách cao cấp Carson LiteWave Pro RF-700
Svbony Ống nhòm một mắt sx32 8x42 10x42 2 vật kính FMC BAK4 IPX5 không thấm nước di động cho ngắm chim du lịch
Kính Thiên Văn Một Mắt Sv28, Kính Đôi Có Đèn Pha, Chống Nước Bak4 Fmc, Có Chân Máy Để Cắm Trại, Dụng Cụ Đi Sử Dụng Ngoài Trời Mạnh Mẽ
Ống nhòm một mắt zoom 7x - 21x Carson ZM-721 - USA
[Trả góp 0%]Ống nhòm đêm quay phim chụp ảnh kỹ thuật số Carson Aura Plus NV-250 (Hãng Carson - Mỹ)
[Trả góp 0%] Ống nhòm Carson JR-042 (10x42) - (Chống nước, sương mù) (Hãng Carson - USA)
【Hot Sale】SVBONY SV206 10x50 Binoculars for Adults Outdoor Remote Observation BAK4 FMC Full Size Waterproof with Neck Strap Zoom Binoculars Long Range Original for Concert Stargazing and Planets
SVBONY SV501P Telescope for Beginners Adults Kids, 70mm Aperture 400mm AZ Mount, Refractor Telescope, Astronomical Telescope for Birthday Gift Travel, with Tripod and Backpack
Ống nhòm hai mắt Carson MK-042 (10x42mm - Hãng  - Mỹ
Ống nhòm dòng Carson model RD-826 - Carson Mỹ
8x21 1 ống nhòm một mắt nhỏ gọn Độ nét cao xách tay FMC BAK4 với túi cho quan sát và nhiếp ảnh
Ống nhòm Carson JD-718 MiniScout - Hãng Carson - Mỹ
Ống nhòm chống thấm nước Carson SS-560 Everglade HD zoom 15x- 45x đi kèm với giá ba chân để bàn ( Hãng Carson – Mỹ)
THM Ống nhòm gấp gọn cho dụng cụ leo núi Cắm Trại Ngoài trời du lịch
Ống nhòm đôi Carson Tracker TZ-821 - Hàng chính hãng USA
[HCM]Ống Nhòm Du Lịch 2 Mắt Chuyên Dụng Nhìn Xuyên Đêm - Ống Nhòm 3D 2 Mắt 30x60 Góc Nhìn Rộng Hàng Nhập Khẩu.bảo hành 1 đổi 1
Ống nhòm svbony SV10 8x25, Ống Nhòm tiêu điểm ổn định, ống nhòm nhỏ gọn cho người lớn trẻ em, Ống Nhòm túi mini FMC phong cảnh du lịch đi bộ đường dài buổi hòa nhạc thi đấu thể thao đào tạo ngoài trời cắm trại
Ống nhòm chống nước kèm bộ chuyển đổi điện thoại thông minh Carson MonoPix MP-842IS
Ống nhòm viễn vọng chống nước Barska 20-60x80 WP Level (màu đen) - (Hãng Barska Mỹ)
[Trả góp 0%]Ống nhòm Carson RD-050 (10x50) - (Chống nước, sương mù) - (Hãng Carson - Mỹ)
Ống nhòm một mắt chống nước BARSKA 10-30x50mm
Ống nhòm Carson JD-822 - Hãng – Mỹ
Ống nhòm một mắt chống nước Carson WM-025 BLACKWAVE (Hãng Carson - Mỹ)
[ SALE 50% ] Ống nhòm 1 mắt Nikula 3025 Nhìn Xuyen Khoảng Cách, Ống Nhòm Du Lịch Sieu Xa ,Nhìn Xuyen Khoảng Cách . Ống Nhòm 1 Mắt 3 Thấu Kính, Độ Phóng 10-30 lần. Phù Hợp Đi Du Lịch, Dã Ngoại, Leo Núi.
Ống nhòm một mắt chống nước, chống sương mù Barska Blackhawk 10x40 WP (Hãng Barska - Mỹ)
[Trả góp 0%]Ống nhòm ngày quan sát tầm xa Barska Gladiator 25-125x - (Hãng Barska - Mỹ)
[Trả góp 0%]Ống Nhòm Fomei Zoom 7-21x40 ZCF New -  Sản xuất tại CH Séc
[Trả góp 0%]Ống Nhòm Một Mắt Fomei 10x25 MONO BEATER (Sản xuất tại CH Séc)
Ống nhòm hai mắt cao cấp 12X50 - Hàng nhập khẩu
Ống nhòm quân sự Barska 8x30 WP Battalion (có vạch ly giác)
[Trả góp 0%]Ống nhòm chống thấm nước Carson RD-042MO(10x42) (tìm ong rừng, ngắm chim) - Hãng USA
Ống nhòm một mắt Carson CF-618 - hãng USA
Ống nhòm chống nước kính ED Fomei 20-60x80 FOREMAN ED - Xuất xứ CH Séc
Ống nhòm cao cấp Carson VX-250 (Chuẩn nét HD, Chống sương mù và chống nước) - Hãng Carson – Mỹ
Ống nhòm svbony sv47, Ống Nhòm nhỏ gọn cho người lớn, kính viễn vọng không thấm nước chống hơi nước IPX7, Ống Nhòm FMC BAK4 để ngắm chim ngoài trời, Ống Nhòm birding với dây đeo cổ, quà tặng cho người mới bắt đầu
Svbony Sv42 Ống nhòm tầm xa 8x42 được xây dựng trong la bàn Rangefinder HD hoàn toàn đa lớp tráng phủ không thấm nước không sương mù Ống nhòm một mắt cho biển cắm trại du lịch
Svbony Sv45 10-30x50/10x50/12x50 Một Mắt Kính thiên văn mạnh mẽ HD FMC BAK4 lăng kính Ống nhòm không thấm nước cho ngắm chim Cắm Trại Đi Bộ Đường Dài du lịch ngoài trời hoạt động
Ống nhòm đôi du lịch cao cấp 3D 30x60 thích hợp ngắm cảnh leo núi hay quan sát các cuộc thi thể thao,...
Svbony sa201 Ống Nhòm Hai Mắt quân sự biển range7x50 IPX7 nổi không thấm nước BAK4 lăng kính Porro FMC Rangefinder la bàn với dây nịt Kính thiên văn công suất cao nhỏ gọn để chèo thuyền điều hướng du lịch kiểm tra rừng câu cá
SVBONY SV49 Monocular Telescope Zoom 13x50 /10-30X50 Long Range High Definition Waterproof Handheld Portable Thermal Monocular for Travel Birdwatching Moonwatching
Ống nhòm đo khoảng cách cao cấp Carson LiteWave Pro RF-700
Svbony Ống nhòm một mắt sx32 8x42 10x42 2 vật kính FMC BAK4 IPX5 không thấm nước di động cho ngắm chim du lịch
Kính Thiên Văn Một Mắt Sv28, Kính Đôi Có Đèn Pha, Chống Nước Bak4 Fmc, Có Chân Máy Để Cắm Trại, Dụng Cụ Đi Sử Dụng Ngoài Trời Mạnh Mẽ
Ống nhòm một mắt zoom 7x - 21x Carson ZM-721 - USA
[Trả góp 0%]Ống nhòm đêm quay phim chụp ảnh kỹ thuật số Carson Aura Plus NV-250 (Hãng Carson - Mỹ)
[Trả góp 0%] Ống nhòm Carson JR-042 (10x42) - (Chống nước, sương mù) (Hãng Carson - USA)
【Hot Sale】SVBONY SV206 10x50 Binoculars for Adults Outdoor Remote Observation BAK4 FMC Full Size Waterproof with Neck Strap Zoom Binoculars Long Range Original for Concert Stargazing and Planets
SVBONY SV501P Telescope for Beginners Adults Kids, 70mm Aperture 400mm AZ Mount, Refractor Telescope, Astronomical Telescope for Birthday Gift Travel, with Tripod and Backpack
Ống nhòm hai mắt Carson MK-042 (10x42mm - Hãng  - Mỹ
Ống nhòm dòng Carson model RD-826 - Carson Mỹ
8x21 1 ống nhòm một mắt nhỏ gọn Độ nét cao xách tay FMC BAK4 với túi cho quan sát và nhiếp ảnh
Ống nhòm Carson JD-718 MiniScout - Hãng Carson - Mỹ
Ống nhòm chống thấm nước Carson SS-560 Everglade HD zoom 15x- 45x đi kèm với giá ba chân để bàn ( Hãng Carson – Mỹ)
THM Ống nhòm gấp gọn cho dụng cụ leo núi Cắm Trại Ngoài trời du lịch
Ống nhòm đôi Carson Tracker TZ-821 - Hàng chính hãng USA
[HCM]Ống Nhòm Du Lịch 2 Mắt Chuyên Dụng Nhìn Xuyên Đêm - Ống Nhòm 3D 2 Mắt 30x60 Góc Nhìn Rộng Hàng Nhập Khẩu.bảo hành 1 đổi 1
Ống nhòm svbony SV10 8x25, Ống Nhòm tiêu điểm ổn định, ống nhòm nhỏ gọn cho người lớn trẻ em, Ống Nhòm túi mini FMC phong cảnh du lịch đi bộ đường dài buổi hòa nhạc thi đấu thể thao đào tạo ngoài trời cắm trại
Ống nhòm chống nước kèm bộ chuyển đổi điện thoại thông minh Carson MonoPix MP-842IS
Ống nhòm viễn vọng chống nước Barska 20-60x80 WP Level (màu đen) - (Hãng Barska Mỹ)
[Trả góp 0%]Ống nhòm Carson RD-050 (10x50) - (Chống nước, sương mù) - (Hãng Carson - Mỹ)
Ống nhòm một mắt chống nước BARSKA 10-30x50mm
Ống nhòm Carson JD-822 - Hãng – Mỹ
Ống nhòm một mắt chống nước Carson WM-025 BLACKWAVE (Hãng Carson - Mỹ)
[ SALE 50% ] Ống nhòm 1 mắt Nikula 3025 Nhìn Xuyen Khoảng Cách, Ống Nhòm Du Lịch Sieu Xa ,Nhìn Xuyen Khoảng Cách . Ống Nhòm 1 Mắt 3 Thấu Kính, Độ Phóng 10-30 lần. Phù Hợp Đi Du Lịch, Dã Ngoại, Leo Núi.
Ống nhòm một mắt chống nước, chống sương mù Barska Blackhawk 10x40 WP (Hãng Barska - Mỹ)
[Trả góp 0%]Ống nhòm ngày quan sát tầm xa Barska Gladiator 25-125x - (Hãng Barska - Mỹ)
[Trả góp 0%]Ống Nhòm Fomei Zoom 7-21x40 ZCF New -  Sản xuất tại CH Séc
[Trả góp 0%]Ống Nhòm Một Mắt Fomei 10x25 MONO BEATER (Sản xuất tại CH Séc)
Ống nhòm hai mắt cao cấp 12X50 - Hàng nhập khẩu
Ống nhòm quân sự Barska 8x30 WP Battalion (có vạch ly giác)
[Trả góp 0%]Ống nhòm chống thấm nước Carson RD-042MO(10x42) (tìm ong rừng, ngắm chim) - Hãng USA
Ống nhòm một mắt Carson CF-618 - hãng USA
Ống nhòm chống nước kính ED Fomei 20-60x80 FOREMAN ED - Xuất xứ CH Séc
Ống nhòm cao cấp Carson VX-250 (Chuẩn nét HD, Chống sương mù và chống nước) - Hãng Carson – Mỹ
Ống nhòm svbony sv47, Ống Nhòm nhỏ gọn cho người lớn, kính viễn vọng không thấm nước chống hơi nước IPX7, Ống Nhòm FMC BAK4 để ngắm chim ngoài trời, Ống Nhòm birding với dây đeo cổ, quà tặng cho người mới bắt đầu
Svbony Sv42 Ống nhòm tầm xa 8x42 được xây dựng trong la bàn Rangefinder HD hoàn toàn đa lớp tráng phủ không thấm nước không sương mù Ống nhòm một mắt cho biển cắm trại du lịch
Svbony Sv45 10-30x50/10x50/12x50 Một Mắt Kính thiên văn mạnh mẽ HD FMC BAK4 lăng kính Ống nhòm không thấm nước cho ngắm chim Cắm Trại Đi Bộ Đường Dài du lịch ngoài trời hoạt động
Ống nhòm đôi du lịch cao cấp 3D 30x60 thích hợp ngắm cảnh leo núi hay quan sát các cuộc thi thể thao,...
Svbony sa201 Ống Nhòm Hai Mắt quân sự biển range7x50 IPX7 nổi không thấm nước BAK4 lăng kính Porro FMC Rangefinder la bàn với dây nịt Kính thiên văn công suất cao nhỏ gọn để chèo thuyền điều hướng du lịch kiểm tra rừng câu cá
SVBONY SV49 Monocular Telescope Zoom 13x50 /10-30X50 Long Range High Definition Waterproof Handheld Portable Thermal Monocular for Travel Birdwatching Moonwatching
Ống nhòm đo khoảng cách cao cấp Carson LiteWave Pro RF-700
Svbony Ống nhòm một mắt sx32 8x42 10x42 2 vật kính FMC BAK4 IPX5 không thấm nước di động cho ngắm chim du lịch
Kính Thiên Văn Một Mắt Sv28, Kính Đôi Có Đèn Pha, Chống Nước Bak4 Fmc, Có Chân Máy Để Cắm Trại, Dụng Cụ Đi Sử Dụng Ngoài Trời Mạnh Mẽ
Ống nhòm một mắt zoom 7x - 21x Carson ZM-721 - USA
[Trả góp 0%]Ống nhòm đêm quay phim chụp ảnh kỹ thuật số Carson Aura Plus NV-250 (Hãng Carson - Mỹ)
[Trả góp 0%] Ống nhòm Carson JR-042 (10x42) - (Chống nước, sương mù) (Hãng Carson - USA)
【Hot Sale】SVBONY SV206 10x50 Binoculars for Adults Outdoor Remote Observation BAK4 FMC Full Size Waterproof with Neck Strap Zoom Binoculars Long Range Original for Concert Stargazing and Planets
SVBONY SV501P Telescope for Beginners Adults Kids, 70mm Aperture 400mm AZ Mount, Refractor Telescope, Astronomical Telescope for Birthday Gift Travel, with Tripod and Backpack
Ống nhòm hai mắt Carson MK-042 (10x42mm - Hãng  - Mỹ
Ống nhòm dòng Carson model RD-826 - Carson Mỹ
8x21 1 ống nhòm một mắt nhỏ gọn Độ nét cao xách tay FMC BAK4 với túi cho quan sát và nhiếp ảnh
Ống nhòm Carson JD-718 MiniScout - Hãng Carson - Mỹ
Ống nhòm chống thấm nước Carson SS-560 Everglade HD zoom 15x- 45x đi kèm với giá ba chân để bàn ( Hãng Carson – Mỹ)
THM Ống nhòm gấp gọn cho dụng cụ leo núi Cắm Trại Ngoài trời du lịch
Ống nhòm đôi Carson Tracker TZ-821 - Hàng chính hãng USA
[HCM]Ống Nhòm Du Lịch 2 Mắt Chuyên Dụng Nhìn Xuyên Đêm - Ống Nhòm 3D 2 Mắt 30x60 Góc Nhìn Rộng Hàng Nhập Khẩu.bảo hành 1 đổi 1
Ống nhòm svbony SV10 8x25, Ống Nhòm tiêu điểm ổn định, ống nhòm nhỏ gọn cho người lớn trẻ em, Ống Nhòm túi mini FMC phong cảnh du lịch đi bộ đường dài buổi hòa nhạc thi đấu thể thao đào tạo ngoài trời cắm trại
Ống nhòm chống nước kèm bộ chuyển đổi điện thoại thông minh Carson MonoPix MP-842IS
Ống nhòm viễn vọng chống nước Barska 20-60x80 WP Level (màu đen) - (Hãng Barska Mỹ)
[Trả góp 0%]Ống nhòm Carson RD-050 (10x50) - (Chống nước, sương mù) - (Hãng Carson - Mỹ)
Ống nhòm một mắt chống nước BARSKA 10-30x50mm
Ống nhòm Carson JD-822 - Hãng – Mỹ
Ống nhòm một mắt chống nước Carson WM-025 BLACKWAVE (Hãng Carson - Mỹ)
[ SALE 50% ] Ống nhòm 1 mắt Nikula 3025 Nhìn Xuyen Khoảng Cách, Ống Nhòm Du Lịch Sieu Xa ,Nhìn Xuyen Khoảng Cách . Ống Nhòm 1 Mắt 3 Thấu Kính, Độ Phóng 10-30 lần. Phù Hợp Đi Du Lịch, Dã Ngoại, Leo Núi.
Ống nhòm một mắt chống nước, chống sương mù Barska Blackhawk 10x40 WP (Hãng Barska - Mỹ)
[Trả góp 0%]Ống nhòm ngày quan sát tầm xa Barska Gladiator 25-125x - (Hãng Barska - Mỹ)
[Trả góp 0%]Ống Nhòm Fomei Zoom 7-21x40 ZCF New -  Sản xuất tại CH Séc
[Trả góp 0%]Ống Nhòm Một Mắt Fomei 10x25 MONO BEATER (Sản xuất tại CH Séc)
Ống nhòm hai mắt cao cấp 12X50 - Hàng nhập khẩu
Ống nhòm quân sự Barska 8x30 WP Battalion (có vạch ly giác)
[Trả góp 0%]Ống nhòm chống thấm nước Carson RD-042MO(10x42) (tìm ong rừng, ngắm chim) - Hãng USA
Ống nhòm một mắt Carson CF-618 - hãng USA
Ống nhòm chống nước kính ED Fomei 20-60x80 FOREMAN ED - Xuất xứ CH Séc
Ống nhòm cao cấp Carson VX-250 (Chuẩn nét HD, Chống sương mù và chống nước) - Hãng Carson – Mỹ
Ống nhòm svbony sv47, Ống Nhòm nhỏ gọn cho người lớn, kính viễn vọng không thấm nước chống hơi nước IPX7, Ống Nhòm FMC BAK4 để ngắm chim ngoài trời, Ống Nhòm birding với dây đeo cổ, quà tặng cho người mới bắt đầu
Svbony Sv42 Ống nhòm tầm xa 8x42 được xây dựng trong la bàn Rangefinder HD hoàn toàn đa lớp tráng phủ không thấm nước không sương mù Ống nhòm một mắt cho biển cắm trại du lịch
Svbony Sv45 10-30x50/10x50/12x50 Một Mắt Kính thiên văn mạnh mẽ HD FMC BAK4 lăng kính Ống nhòm không thấm nước cho ngắm chim Cắm Trại Đi Bộ Đường Dài du lịch ngoài trời hoạt động
Ống nhòm đôi du lịch cao cấp 3D 30x60 thích hợp ngắm cảnh leo núi hay quan sát các cuộc thi thể thao,...
Svbony sa201 Ống Nhòm Hai Mắt quân sự biển range7x50 IPX7 nổi không thấm nước BAK4 lăng kính Porro FMC Rangefinder la bàn với dây nịt Kính thiên văn công suất cao nhỏ gọn để chèo thuyền điều hướng du lịch kiểm tra rừng câu cá
SVBONY SV49 Monocular Telescope Zoom 13x50 /10-30X50 Long Range High Definition Waterproof Handheld Portable Thermal Monocular for Travel Birdwatching Moonwatching
Ống nhòm đo khoảng cách cao cấp Carson LiteWave Pro RF-700
Svbony Ống nhòm một mắt sx32 8x42 10x42 2 vật kính FMC BAK4 IPX5 không thấm nước di động cho ngắm chim du lịch
Kính Thiên Văn Một Mắt Sv28, Kính Đôi Có Đèn Pha, Chống Nước Bak4 Fmc, Có Chân Máy Để Cắm Trại, Dụng Cụ Đi Sử Dụng Ngoài Trời Mạnh Mẽ
Ống nhòm một mắt zoom 7x - 21x Carson ZM-721 - USA
[Trả góp 0%]Ống nhòm đêm quay phim chụp ảnh kỹ thuật số Carson Aura Plus NV-250 (Hãng Carson - Mỹ)
[Trả góp 0%] Ống nhòm Carson JR-042 (10x42) - (Chống nước, sương mù) (Hãng Carson - USA)
【Hot Sale】SVBONY SV206 10x50 Binoculars for Adults Outdoor Remote Observation BAK4 FMC Full Size Waterproof with Neck Strap Zoom Binoculars Long Range Original for Concert Stargazing and Planets
SVBONY SV501P Telescope for Beginners Adults Kids, 70mm Aperture 400mm AZ Mount, Refractor Telescope, Astronomical Telescope for Birthday Gift Travel, with Tripod and Backpack
Ống nhòm hai mắt Carson MK-042 (10x42mm - Hãng  - Mỹ
Ống nhòm dòng Carson model RD-826 - Carson Mỹ
8x21 1 ống nhòm một mắt nhỏ gọn Độ nét cao xách tay FMC BAK4 với túi cho quan sát và nhiếp ảnh
Ống nhòm Carson JD-718 MiniScout - Hãng Carson - Mỹ
Ống nhòm chống thấm nước Carson SS-560 Everglade HD zoom 15x- 45x đi kèm với giá ba chân để bàn ( Hãng Carson – Mỹ)
THM Ống nhòm gấp gọn cho dụng cụ leo núi Cắm Trại Ngoài trời du lịch
Ống nhòm đôi Carson Tracker TZ-821 - Hàng chính hãng USA
[HCM]Ống Nhòm Du Lịch 2 Mắt Chuyên Dụng Nhìn Xuyên Đêm - Ống Nhòm 3D 2 Mắt 30x60 Góc Nhìn Rộng Hàng Nhập Khẩu.bảo hành 1 đổi 1
Ống nhòm svbony SV10 8x25, Ống Nhòm tiêu điểm ổn định, ống nhòm nhỏ gọn cho người lớn trẻ em, Ống Nhòm túi mini FMC phong cảnh du lịch đi bộ đường dài buổi hòa nhạc thi đấu thể thao đào tạo ngoài trời cắm trại
Ống nhòm chống nước kèm bộ chuyển đổi điện thoại thông minh Carson MonoPix MP-842IS
Ống nhòm viễn vọng chống nước Barska 20-60x80 WP Level (màu đen) - (Hãng Barska Mỹ)
[Trả góp 0%]Ống nhòm Carson RD-050 (10x50) - (Chống nước, sương mù) - (Hãng Carson - Mỹ)
Ống nhòm một mắt chống nước BARSKA 10-30x50mm
Ống nhòm Carson JD-822 - Hãng – Mỹ
Ống nhòm một mắt chống nước Carson WM-025 BLACKWAVE (Hãng Carson - Mỹ)
[ SALE 50% ] Ống nhòm 1 mắt Nikula 3025 Nhìn Xuyen Khoảng Cách, Ống Nhòm Du Lịch Sieu Xa ,Nhìn Xuyen Khoảng Cách . Ống Nhòm 1 Mắt 3 Thấu Kính, Độ Phóng 10-30 lần. Phù Hợp Đi Du Lịch, Dã Ngoại, Leo Núi.
Ống nhòm một mắt chống nước, chống sương mù Barska Blackhawk 10x40 WP (Hãng Barska - Mỹ)
[Trả góp 0%]Ống nhòm ngày quan sát tầm xa Barska Gladiator 25-125x - (Hãng Barska - Mỹ)
[Trả góp 0%]Ống Nhòm Fomei Zoom 7-21x40 ZCF New -  Sản xuất tại CH Séc
[Trả góp 0%]Ống Nhòm Một Mắt Fomei 10x25 MONO BEATER (Sản xuất tại CH Séc)
Ống nhòm hai mắt cao cấp 12X50 - Hàng nhập khẩu
Ống nhòm quân sự Barska 8x30 WP Battalion (có vạch ly giác)
[Trả góp 0%]Ống nhòm chống thấm nước Carson RD-042MO(10x42) (tìm ong rừng, ngắm chim) - Hãng USA
Ống nhòm một mắt Carson CF-618 - hãng USA
Ống nhòm chống nước kính ED Fomei 20-60x80 FOREMAN ED - Xuất xứ CH Séc
Ống nhòm cao cấp Carson VX-250 (Chuẩn nét HD, Chống sương mù và chống nước) - Hãng Carson – Mỹ
Ống nhòm svbony sv47, Ống Nhòm nhỏ gọn cho người lớn, kính viễn vọng không thấm nước chống hơi nước IPX7, Ống Nhòm FMC BAK4 để ngắm chim ngoài trời, Ống Nhòm birding với dây đeo cổ, quà tặng cho người mới bắt đầu
Svbony Sv42 Ống nhòm tầm xa 8x42 được xây dựng trong la bàn Rangefinder HD hoàn toàn đa lớp tráng phủ không thấm nước không sương mù Ống nhòm một mắt cho biển cắm trại du lịch
Svbony Sv45 10-30x50/10x50/12x50 Một Mắt Kính thiên văn mạnh mẽ HD FMC BAK4 lăng kính Ống nhòm không thấm nước cho ngắm chim Cắm Trại Đi Bộ Đường Dài du lịch ngoài trời hoạt động
Ống nhòm đôi du lịch cao cấp 3D 30x60 thích hợp ngắm cảnh leo núi hay quan sát các cuộc thi thể thao,...
Svbony sa201 Ống Nhòm Hai Mắt quân sự biển range7x50 IPX7 nổi không thấm nước BAK4 lăng kính Porro FMC Rangefinder la bàn với dây nịt Kính thiên văn công suất cao nhỏ gọn để chèo thuyền điều hướng du lịch kiểm tra rừng câu cá
SVBONY SV49 Monocular Telescope Zoom 13x50 /10-30X50 Long Range High Definition Waterproof Handheld Portable Thermal Monocular for Travel Birdwatching Moonwatching
Ống nhòm đo khoảng cách cao cấp Carson LiteWave Pro RF-700
Svbony Ống nhòm một mắt sx32 8x42 10x42 2 vật kính FMC BAK4 IPX5 không thấm nước di động cho ngắm chim du lịch
Kính Thiên Văn Một Mắt Sv28, Kính Đôi Có Đèn Pha, Chống Nước Bak4 Fmc, Có Chân Máy Để Cắm Trại, Dụng Cụ Đi Sử Dụng Ngoài Trời Mạnh Mẽ
Ống nhòm một mắt zoom 7x - 21x Carson ZM-721 - USA
[Trả góp 0%]Ống nhòm đêm quay phim chụp ảnh kỹ thuật số Carson Aura Plus NV-250 (Hãng Carson - Mỹ)
[Trả góp 0%] Ống nhòm Carson JR-042 (10x42) - (Chống nước, sương mù) (Hãng Carson - USA)
【Hot Sale】SVBONY SV206 10x50 Binoculars for Adults Outdoor Remote Observation BAK4 FMC Full Size Waterproof with Neck Strap Zoom Binoculars Long Range Original for Concert Stargazing and Planets
SVBONY SV501P Telescope for Beginners Adults Kids, 70mm Aperture 400mm AZ Mount, Refractor Telescope, Astronomical Telescope for Birthday Gift Travel, with Tripod and Backpack
Ống nhòm hai mắt Carson MK-042 (10x42mm - Hãng  - Mỹ
Ống nhòm dòng Carson model RD-826 - Carson Mỹ
8x21 1 ống nhòm một mắt nhỏ gọn Độ nét cao xách tay FMC BAK4 với túi cho quan sát và nhiếp ảnh
Ống nhòm Carson JD-718 MiniScout - Hãng Carson - Mỹ
Ống nhòm chống thấm nước Carson SS-560 Everglade HD zoom 15x- 45x đi kèm với giá ba chân để bàn ( Hãng Carson – Mỹ)
THM Ống nhòm gấp gọn cho dụng cụ leo núi Cắm Trại Ngoài trời du lịch
Ống nhòm đôi Carson Tracker TZ-821 - Hàng chính hãng USA
[HCM]Ống Nhòm Du Lịch 2 Mắt Chuyên Dụng Nhìn Xuyên Đêm - Ống Nhòm 3D 2 Mắt 30x60 Góc Nhìn Rộng Hàng Nhập Khẩu.bảo hành 1 đổi 1
Ống nhòm svbony SV10 8x25, Ống Nhòm tiêu điểm ổn định, ống nhòm nhỏ gọn cho người lớn trẻ em, Ống Nhòm túi mini FMC phong cảnh du lịch đi bộ đường dài buổi hòa nhạc thi đấu thể thao đào tạo ngoài trời cắm trại
Ống nhòm chống nước kèm bộ chuyển đổi điện thoại thông minh Carson MonoPix MP-842IS
Ống nhòm viễn vọng chống nước Barska 20-60x80 WP Level (màu đen) - (Hãng Barska Mỹ)
[Trả góp 0%]Ống nhòm Carson RD-050 (10x50) - (Chống nước, sương mù) - (Hãng Carson - Mỹ)
Ống nhòm một mắt chống nước BARSKA 10-30x50mm
Ống nhòm Carson JD-822 - Hãng – Mỹ
Ống nhòm một mắt chống nước Carson WM-025 BLACKWAVE (Hãng Carson - Mỹ)
[ SALE 50% ] Ống nhòm 1 mắt Nikula 3025 Nhìn Xuyen Khoảng Cách, Ống Nhòm Du Lịch Sieu Xa ,Nhìn Xuyen Khoảng Cách . Ống Nhòm 1 Mắt 3 Thấu Kính, Độ Phóng 10-30 lần. Phù Hợp Đi Du Lịch, Dã Ngoại, Leo Núi.
Ống nhòm một mắt chống nước, chống sương mù Barska Blackhawk 10x40 WP (Hãng Barska - Mỹ)
[Trả góp 0%]Ống nhòm ngày quan sát tầm xa Barska Gladiator 25-125x - (Hãng Barska - Mỹ)
[Trả góp 0%]Ống Nhòm Fomei Zoom 7-21x40 ZCF New -  Sản xuất tại CH Séc
[Trả góp 0%]Ống Nhòm Một Mắt Fomei 10x25 MONO BEATER (Sản xuất tại CH Séc)
Ống nhòm hai mắt cao cấp 12X50 - Hàng nhập khẩu
Ống nhòm quân sự Barska 8x30 WP Battalion (có vạch ly giác)
[Trả góp 0%]Ống nhòm chống thấm nước Carson RD-042MO(10x42) (tìm ong rừng, ngắm chim) - Hãng USA
Ống nhòm một mắt Carson CF-618 - hãng USA
Ống nhòm chống nước kính ED Fomei 20-60x80 FOREMAN ED - Xuất xứ CH Séc
Ống nhòm cao cấp Carson VX-250 (Chuẩn nét HD, Chống sương mù và chống nước) - Hãng Carson – Mỹ
Ống nhòm svbony sv47, Ống Nhòm nhỏ gọn cho người lớn, kính viễn vọng không thấm nước chống hơi nước IPX7, Ống Nhòm FMC BAK4 để ngắm chim ngoài trời, Ống Nhòm birding với dây đeo cổ, quà tặng cho người mới bắt đầu
Svbony Sv42 Ống nhòm tầm xa 8x42 được xây dựng trong la bàn Rangefinder HD hoàn toàn đa lớp tráng phủ không thấm nước không sương mù Ống nhòm một mắt cho biển cắm trại du lịch
Svbony Sv45 10-30x50/10x50/12x50 Một Mắt Kính thiên văn mạnh mẽ HD FMC BAK4 lăng kính Ống nhòm không thấm nước cho ngắm chim Cắm Trại Đi Bộ Đường Dài du lịch ngoài trời hoạt động
Ống nhòm đôi du lịch cao cấp 3D 30x60 thích hợp ngắm cảnh leo núi hay quan sát các cuộc thi thể thao,...
Svbony sa201 Ống Nhòm Hai Mắt quân sự biển range7x50 IPX7 nổi không thấm nước BAK4 lăng kính Porro FMC Rangefinder la bàn với dây nịt Kính thiên văn công suất cao nhỏ gọn để chèo thuyền điều hướng du lịch kiểm tra rừng câu cá
SVBONY SV49 Monocular Telescope Zoom 13x50 /10-30X50 Long Range High Definition Waterproof Handheld Portable Thermal Monocular for Travel Birdwatching Moonwatching
Ống nhòm đo khoảng cách cao cấp Carson LiteWave Pro RF-700
Svbony Ống nhòm một mắt sx32 8x42 10x42 2 vật kính FMC BAK4 IPX5 không thấm nước di động cho ngắm chim du lịch
Kính Thiên Văn Một Mắt Sv28, Kính Đôi Có Đèn Pha, Chống Nước Bak4 Fmc, Có Chân Máy Để Cắm Trại, Dụng Cụ Đi Sử Dụng Ngoài Trời Mạnh Mẽ
Ống nhòm một mắt zoom 7x - 21x Carson ZM-721 - USA
[Trả góp 0%]Ống nhòm đêm quay phim chụp ảnh kỹ thuật số Carson Aura Plus NV-250 (Hãng Carson - Mỹ)
[Trả góp 0%] Ống nhòm Carson JR-042 (10x42) - (Chống nước, sương mù) (Hãng Carson - USA)
【Hot Sale】SVBONY SV206 10x50 Binoculars for Adults Outdoor Remote Observation BAK4 FMC Full Size Waterproof with Neck Strap Zoom Binoculars Long Range Original for Concert Stargazing and Planets
SVBONY SV501P Telescope for Beginners Adults Kids, 70mm Aperture 400mm AZ Mount, Refractor Telescope, Astronomical Telescope for Birthday Gift Travel, with Tripod and Backpack
Ống nhòm hai mắt Carson MK-042 (10x42mm - Hãng  - Mỹ
Ống nhòm dòng Carson model RD-826 - Carson Mỹ
8x21 1 ống nhòm một mắt nhỏ gọn Độ nét cao xách tay FMC BAK4 với túi cho quan sát và nhiếp ảnh
Ống nhòm Carson JD-718 MiniScout - Hãng Carson - Mỹ
Ống nhòm chống thấm nước Carson SS-560 Everglade HD zoom 15x- 45x đi kèm với giá ba chân để bàn ( Hãng Carson – Mỹ)
THM Ống nhòm gấp gọn cho dụng cụ leo núi Cắm Trại Ngoài trời du lịch
Ống nhòm đôi Carson Tracker TZ-821 - Hàng chính hãng USA
[HCM]Ống Nhòm Du Lịch 2 Mắt Chuyên Dụng Nhìn Xuyên Đêm - Ống Nhòm 3D 2 Mắt 30x60 Góc Nhìn Rộng Hàng Nhập Khẩu.bảo hành 1 đổi 1
Ống nhòm svbony SV10 8x25, Ống Nhòm tiêu điểm ổn định, ống nhòm nhỏ gọn cho người lớn trẻ em, Ống Nhòm túi mini FMC phong cảnh du lịch đi bộ đường dài buổi hòa nhạc thi đấu thể thao đào tạo ngoài trời cắm trại
Ống nhòm chống nước kèm bộ chuyển đổi điện thoại thông minh Carson MonoPix MP-842IS
Ống nhòm viễn vọng chống nước Barska 20-60x80 WP Level (màu đen) - (Hãng Barska Mỹ)
[Trả góp 0%]Ống nhòm Carson RD-050 (10x50) - (Chống nước, sương mù) - (Hãng Carson - Mỹ)
Ống nhòm một mắt chống nước BARSKA 10-30x50mm
Ống nhòm Carson JD-822 - Hãng – Mỹ
Ống nhòm một mắt chống nước Carson WM-025 BLACKWAVE (Hãng Carson - Mỹ)
[ SALE 50% ] Ống nhòm 1 mắt Nikula 3025 Nhìn Xuyen Khoảng Cách, Ống Nhòm Du Lịch Sieu Xa ,Nhìn Xuyen Khoảng Cách . Ống Nhòm 1 Mắt 3 Thấu Kính, Độ Phóng 10-30 lần. Phù Hợp Đi Du Lịch, Dã Ngoại, Leo Núi.
Ống nhòm một mắt chống nước, chống sương mù Barska Blackhawk 10x40 WP (Hãng Barska - Mỹ)
[Trả góp 0%]Ống nhòm ngày quan sát tầm xa Barska Gladiator 25-125x - (Hãng Barska - Mỹ)
[Trả góp 0%]Ống Nhòm Fomei Zoom 7-21x40 ZCF New -  Sản xuất tại CH Séc
[Trả góp 0%]Ống Nhòm Một Mắt Fomei 10x25 MONO BEATER (Sản xuất tại CH Séc)
Ống nhòm hai mắt cao cấp 12X50 - Hàng nhập khẩu
Ống nhòm quân sự Barska 8x30 WP Battalion (có vạch ly giác)
[Trả góp 0%]Ống nhòm chống thấm nước Carson RD-042MO(10x42) (tìm ong rừng, ngắm chim) - Hãng USA
Ống nhòm một mắt Carson CF-618 - hãng USA
Ống nhòm chống nước kính ED Fomei 20-60x80 FOREMAN ED - Xuất xứ CH Séc
Ống nhòm cao cấp Carson VX-250 (Chuẩn nét HD, Chống sương mù và chống nước) - Hãng Carson – Mỹ
Ống nhòm svbony sv47, Ống Nhòm nhỏ gọn cho người lớn, kính viễn vọng không thấm nước chống hơi nước IPX7, Ống Nhòm FMC BAK4 để ngắm chim ngoài trời, Ống Nhòm birding với dây đeo cổ, quà tặng cho người mới bắt đầu
Svbony Sv42 Ống nhòm tầm xa 8x42 được xây dựng trong la bàn Rangefinder HD hoàn toàn đa lớp tráng phủ không thấm nước không sương mù Ống nhòm một mắt cho biển cắm trại du lịch
Svbony Sv45 10-30x50/10x50/12x50 Một Mắt Kính thiên văn mạnh mẽ HD FMC BAK4 lăng kính Ống nhòm không thấm nước cho ngắm chim Cắm Trại Đi Bộ Đường Dài du lịch ngoài trời hoạt động
Ống nhòm đôi du lịch cao cấp 3D 30x60 thích hợp ngắm cảnh leo núi hay quan sát các cuộc thi thể thao,...
Svbony sa201 Ống Nhòm Hai Mắt quân sự biển range7x50 IPX7 nổi không thấm nước BAK4 lăng kính Porro FMC Rangefinder la bàn với dây nịt Kính thiên văn công suất cao nhỏ gọn để chèo thuyền điều hướng du lịch kiểm tra rừng câu cá
SVBONY SV49 Monocular Telescope Zoom 13x50 /10-30X50 Long Range High Definition Waterproof Handheld Portable Thermal Monocular for Travel Birdwatching Moonwatching
Ống nhòm đo khoảng cách cao cấp Carson LiteWave Pro RF-700
Svbony Ống nhòm một mắt sx32 8x42 10x42 2 vật kính FMC BAK4 IPX5 không thấm nước di động cho ngắm chim du lịch
Kính Thiên Văn Một Mắt Sv28, Kính Đôi Có Đèn Pha, Chống Nước Bak4 Fmc, Có Chân Máy Để Cắm Trại, Dụng Cụ Đi Sử Dụng Ngoài Trời Mạnh Mẽ
Ống nhòm một mắt zoom 7x - 21x Carson ZM-721 - USA
[Trả góp 0%]Ống nhòm đêm quay phim chụp ảnh kỹ thuật số Carson Aura Plus NV-250 (Hãng Carson - Mỹ)
[Trả góp 0%] Ống nhòm Carson JR-042 (10x42) - (Chống nước, sương mù) (Hãng Carson - USA)
【Hot Sale】SVBONY SV206 10x50 Binoculars for Adults Outdoor Remote Observation BAK4 FMC Full Size Waterproof with Neck Strap Zoom Binoculars Long Range Original for Concert Stargazing and Planets
SVBONY SV501P Telescope for Beginners Adults Kids, 70mm Aperture 400mm AZ Mount, Refractor Telescope, Astronomical Telescope for Birthday Gift Travel, with Tripod and Backpack
Ống nhòm hai mắt Carson MK-042 (10x42mm - Hãng  - Mỹ
Ống nhòm dòng Carson model RD-826 - Carson Mỹ
8x21 1 ống nhòm một mắt nhỏ gọn Độ nét cao xách tay FMC BAK4 với túi cho quan sát và nhiếp ảnh
Ống nhòm Carson JD-718 MiniScout - Hãng Carson - Mỹ
Ống nhòm chống thấm nước Carson SS-560 Everglade HD zoom 15x- 45x đi kèm với giá ba chân để bàn ( Hãng Carson – Mỹ)
THM Ống nhòm gấp gọn cho dụng cụ leo núi Cắm Trại Ngoài trời du lịch
Ống nhòm đôi Carson Tracker TZ-821 - Hàng chính hãng USA
[HCM]Ống Nhòm Du Lịch 2 Mắt Chuyên Dụng Nhìn Xuyên Đêm - Ống Nhòm 3D 2 Mắt 30x60 Góc Nhìn Rộng Hàng Nhập Khẩu.bảo hành 1 đổi 1
Ống nhòm svbony SV10 8x25, Ống Nhòm tiêu điểm ổn định, ống nhòm nhỏ gọn cho người lớn trẻ em, Ống Nhòm túi mini FMC phong cảnh du lịch đi bộ đường dài buổi hòa nhạc thi đấu thể thao đào tạo ngoài trời cắm trại
Ống nhòm chống nước kèm bộ chuyển đổi điện thoại thông minh Carson MonoPix MP-842IS
Ống nhòm viễn vọng chống nước Barska 20-60x80 WP Level (màu đen) - (Hãng Barska Mỹ)
[Trả góp 0%]Ống nhòm Carson RD-050 (10x50) - (Chống nước, sương mù) - (Hãng Carson - Mỹ)
Ống nhòm một mắt chống nước BARSKA 10-30x50mm
Ống nhòm Carson JD-822 - Hãng – Mỹ
Ống nhòm một mắt chống nước Carson WM-025 BLACKWAVE (Hãng Carson - Mỹ)
[ SALE 50% ] Ống nhòm 1 mắt Nikula 3025 Nhìn Xuyen Khoảng Cách, Ống Nhòm Du Lịch Sieu Xa ,Nhìn Xuyen Khoảng Cách . Ống Nhòm 1 Mắt 3 Thấu Kính, Độ Phóng 10-30 lần. Phù Hợp Đi Du Lịch, Dã Ngoại, Leo Núi.
Ống nhòm một mắt chống nước, chống sương mù Barska Blackhawk 10x40 WP (Hãng Barska - Mỹ)
[Trả góp 0%]Ống nhòm ngày quan sát tầm xa Barska Gladiator 25-125x - (Hãng Barska - Mỹ)
[Trả góp 0%]Ống Nhòm Fomei Zoom 7-21x40 ZCF New -  Sản xuất tại CH Séc
[Trả góp 0%]Ống Nhòm Một Mắt Fomei 10x25 MONO BEATER (Sản xuất tại CH Séc)
Ống nhòm hai mắt cao cấp 12X50 - Hàng nhập khẩu
Ống nhòm quân sự Barska 8x30 WP Battalion (có vạch ly giác)
[Trả góp 0%]Ống nhòm chống thấm nước Carson RD-042MO(10x42) (tìm ong rừng, ngắm chim) - Hãng USA
Ống nhòm một mắt Carson CF-618 - hãng USA
Ống nhòm chống nước kính ED Fomei 20-60x80 FOREMAN ED - Xuất xứ CH Séc
Ống nhòm cao cấp Carson VX-250 (Chuẩn nét HD, Chống sương mù và chống nước) - Hãng Carson – Mỹ
Ống nhòm svbony sv47, Ống Nhòm nhỏ gọn cho người lớn, kính viễn vọng không thấm nước chống hơi nước IPX7, Ống Nhòm FMC BAK4 để ngắm chim ngoài trời, Ống Nhòm birding với dây đeo cổ, quà tặng cho người mới bắt đầu
Svbony Sv42 Ống nhòm tầm xa 8x42 được xây dựng trong la bàn Rangefinder HD hoàn toàn đa lớp tráng phủ không thấm nước không sương mù Ống nhòm một mắt cho biển cắm trại du lịch
Svbony Sv45 10-30x50/10x50/12x50 Một Mắt Kính thiên văn mạnh mẽ HD FMC BAK4 lăng kính Ống nhòm không thấm nước cho ngắm chim Cắm Trại Đi Bộ Đường Dài du lịch ngoài trời hoạt động
Ống nhòm đôi du lịch cao cấp 3D 30x60 thích hợp ngắm cảnh leo núi hay quan sát các cuộc thi thể thao,...
Svbony sa201 Ống Nhòm Hai Mắt quân sự biển range7x50 IPX7 nổi không thấm nước BAK4 lăng kính Porro FMC Rangefinder la bàn với dây nịt Kính thiên văn công suất cao nhỏ gọn để chèo thuyền điều hướng du lịch kiểm tra rừng câu cá
SVBONY SV49 Monocular Telescope Zoom 13x50 /10-30X50 Long Range High Definition Waterproof Handheld Portable Thermal Monocular for Travel Birdwatching Moonwatching
Ống nhòm đo khoảng cách cao cấp Carson LiteWave Pro RF-700
Svbony Ống nhòm một mắt sx32 8x42 10x42 2 vật kính FMC BAK4 IPX5 không thấm nước di động cho ngắm chim du lịch
Kính Thiên Văn Một Mắt Sv28, Kính Đôi Có Đèn Pha, Chống Nước Bak4 Fmc, Có Chân Máy Để Cắm Trại, Dụng Cụ Đi Sử Dụng Ngoài Trời Mạnh Mẽ
Ống nhòm một mắt zoom 7x - 21x Carson ZM-721 - USA
[Trả góp 0%]Ống nhòm đêm quay phim chụp ảnh kỹ thuật số Carson Aura Plus NV-250 (Hãng Carson - Mỹ)
[Trả góp 0%] Ống nhòm Carson JR-042 (10x42) - (Chống nước, sương mù) (Hãng Carson - USA)
【Hot Sale】SVBONY SV206 10x50 Binoculars for Adults Outdoor Remote Observation BAK4 FMC Full Size Waterproof with Neck Strap Zoom Binoculars Long Range Original for Concert Stargazing and Planets
SVBONY SV501P Telescope for Beginners Adults Kids, 70mm Aperture 400mm AZ Mount, Refractor Telescope, Astronomical Telescope for Birthday Gift Travel, with Tripod and Backpack
Ống nhòm hai mắt Carson MK-042 (10x42mm - Hãng  - Mỹ
Ống nhòm dòng Carson model RD-826 - Carson Mỹ
8x21 1 ống nhòm một mắt nhỏ gọn Độ nét cao xách tay FMC BAK4 với túi cho quan sát và nhiếp ảnh
Ống nhòm Carson JD-718 MiniScout - Hãng Carson - Mỹ
Ống nhòm chống thấm nước Carson SS-560 Everglade HD zoom 15x- 45x đi kèm với giá ba chân để bàn ( Hãng Carson – Mỹ)
THM Ống nhòm gấp gọn cho dụng cụ leo núi Cắm Trại Ngoài trời du lịch
Ống nhòm đôi Carson Tracker TZ-821 - Hàng chính hãng USA
[HCM]Ống Nhòm Du Lịch 2 Mắt Chuyên Dụng Nhìn Xuyên Đêm - Ống Nhòm 3D 2 Mắt 30x60 Góc Nhìn Rộng Hàng Nhập Khẩu.bảo hành 1 đổi 1
Ống nhòm svbony SV10 8x25, Ống Nhòm tiêu điểm ổn định, ống nhòm nhỏ gọn cho người lớn trẻ em, Ống Nhòm túi mini FMC phong cảnh du lịch đi bộ đường dài buổi hòa nhạc thi đấu thể thao đào tạo ngoài trời cắm trại
Ống nhòm chống nước kèm bộ chuyển đổi điện thoại thông minh Carson MonoPix MP-842IS
Ống nhòm viễn vọng chống nước Barska 20-60x80 WP Level (màu đen) - (Hãng Barska Mỹ)
[Trả góp 0%]Ống nhòm Carson RD-050 (10x50) - (Chống nước, sương mù) - (Hãng Carson - Mỹ)
Ống nhòm một mắt chống nước BARSKA 10-30x50mm
Ống nhòm Carson JD-822 - Hãng – Mỹ
Ống nhòm một mắt chống nước Carson WM-025 BLACKWAVE (Hãng Carson - Mỹ)
[ SALE 50% ] Ống nhòm 1 mắt Nikula 3025 Nhìn Xuyen Khoảng Cách, Ống Nhòm Du Lịch Sieu Xa ,Nhìn Xuyen Khoảng Cách . Ống Nhòm 1 Mắt 3 Thấu Kính, Độ Phóng 10-30 lần. Phù Hợp Đi Du Lịch, Dã Ngoại, Leo Núi.
Ống nhòm một mắt chống nước, chống sương mù Barska Blackhawk 10x40 WP (Hãng Barska - Mỹ)
[Trả góp 0%]Ống nhòm ngày quan sát tầm xa Barska Gladiator 25-125x - (Hãng Barska - Mỹ)
[Trả góp 0%]Ống Nhòm Fomei Zoom 7-21x40 ZCF New -  Sản xuất tại CH Séc
[Trả góp 0%]Ống Nhòm Một Mắt Fomei 10x25 MONO BEATER (Sản xuất tại CH Séc)
Ống nhòm hai mắt cao cấp 12X50 - Hàng nhập khẩu
Ống nhòm quân sự Barska 8x30 WP Battalion (có vạch ly giác)
[Trả góp 0%]Ống nhòm chống thấm nước Carson RD-042MO(10x42) (tìm ong rừng, ngắm chim) - Hãng USA
Ống nhòm một mắt Carson CF-618 - hãng USA
Ống nhòm chống nước kính ED Fomei 20-60x80 FOREMAN ED - Xuất xứ CH Séc
Ống nhòm cao cấp Carson VX-250 (Chuẩn nét HD, Chống sương mù và chống nước) - Hãng Carson – Mỹ
Ống nhòm svbony sv47, Ống Nhòm nhỏ gọn cho người lớn, kính viễn vọng không thấm nước chống hơi nước IPX7, Ống Nhòm FMC BAK4 để ngắm chim ngoài trời, Ống Nhòm birding với dây đeo cổ, quà tặng cho người mới bắt đầu
Svbony Sv42 Ống nhòm tầm xa 8x42 được xây dựng trong la bàn Rangefinder HD hoàn toàn đa lớp tráng phủ không thấm nước không sương mù Ống nhòm một mắt cho biển cắm trại du lịch
Svbony Sv45 10-30x50/10x50/12x50 Một Mắt Kính thiên văn mạnh mẽ HD FMC BAK4 lăng kính Ống nhòm không thấm nước cho ngắm chim Cắm Trại Đi Bộ Đường Dài du lịch ngoài trời hoạt động
Ống nhòm đôi du lịch cao cấp 3D 30x60 thích hợp ngắm cảnh leo núi hay quan sát các cuộc thi thể thao,...
Svbony sa201 Ống Nhòm Hai Mắt quân sự biển range7x50 IPX7 nổi không thấm nước BAK4 lăng kính Porro FMC Rangefinder la bàn với dây nịt Kính thiên văn công suất cao nhỏ gọn để chèo thuyền điều hướng du lịch kiểm tra rừng câu cá
SVBONY SV49 Monocular Telescope Zoom 13x50 /10-30X50 Long Range High Definition Waterproof Handheld Portable Thermal Monocular for Travel Birdwatching Moonwatching
Ống nhòm đo khoảng cách cao cấp Carson LiteWave Pro RF-700
Svbony Ống nhòm một mắt sx32 8x42 10x42 2 vật kính FMC BAK4 IPX5 không thấm nước di động cho ngắm chim du lịch
Kính Thiên Văn Một Mắt Sv28, Kính Đôi Có Đèn Pha, Chống Nước Bak4 Fmc, Có Chân Máy Để Cắm Trại, Dụng Cụ Đi Sử Dụng Ngoài Trời Mạnh Mẽ
Ống nhòm một mắt zoom 7x - 21x Carson ZM-721 - USA
[Trả góp 0%]Ống nhòm đêm quay phim chụp ảnh kỹ thuật số Carson Aura Plus NV-250 (Hãng Carson - Mỹ)
[Trả góp 0%] Ống nhòm Carson JR-042 (10x42) - (Chống nước, sương mù) (Hãng Carson - USA)
【Hot Sale】SVBONY SV206 10x50 Binoculars for Adults Outdoor Remote Observation BAK4 FMC Full Size Waterproof with Neck Strap Zoom Binoculars Long Range Original for Concert Stargazing and Planets
SVBONY SV501P Telescope for Beginners Adults Kids, 70mm Aperture 400mm AZ Mount, Refractor Telescope, Astronomical Telescope for Birthday Gift Travel, with Tripod and Backpack
Ống nhòm hai mắt Carson MK-042 (10x42mm - Hãng  - Mỹ
Ống nhòm dòng Carson model RD-826 - Carson Mỹ
8x21 1 ống nhòm một mắt nhỏ gọn Độ nét cao xách tay FMC BAK4 với túi cho quan sát và nhiếp ảnh
Ống nhòm Carson JD-718 MiniScout - Hãng Carson - Mỹ
Ống nhòm chống thấm nước Carson SS-560 Everglade HD zoom 15x- 45x đi kèm với giá ba chân để bàn ( Hãng Carson – Mỹ)
THM Ống nhòm gấp gọn cho dụng cụ leo núi Cắm Trại Ngoài trời du lịch
Ống nhòm đôi Carson Tracker TZ-821 - Hàng chính hãng USA
[HCM]Ống Nhòm Du Lịch 2 Mắt Chuyên Dụng Nhìn Xuyên Đêm - Ống Nhòm 3D 2 Mắt 30x60 Góc Nhìn Rộng Hàng Nhập Khẩu.bảo hành 1 đổi 1
Ống nhòm svbony SV10 8x25, Ống Nhòm tiêu điểm ổn định, ống nhòm nhỏ gọn cho người lớn trẻ em, Ống Nhòm túi mini FMC phong cảnh du lịch đi bộ đường dài buổi hòa nhạc thi đấu thể thao đào tạo ngoài trời cắm trại
Ống nhòm chống nước kèm bộ chuyển đổi điện thoại thông minh Carson MonoPix MP-842IS
Ống nhòm viễn vọng chống nước Barska 20-60x80 WP Level (màu đen) - (Hãng Barska Mỹ)
[Trả góp 0%]Ống nhòm Carson RD-050 (10x50) - (Chống nước, sương mù) - (Hãng Carson - Mỹ)
Ống nhòm một mắt chống nước BARSKA 10-30x50mm
Ống nhòm Carson JD-822 - Hãng – Mỹ
Ống nhòm một mắt chống nước Carson WM-025 BLACKWAVE (Hãng Carson - Mỹ)
[ SALE 50% ] Ống nhòm 1 mắt Nikula 3025 Nhìn Xuyen Khoảng Cách, Ống Nhòm Du Lịch Sieu Xa ,Nhìn Xuyen Khoảng Cách . Ống Nhòm 1 Mắt 3 Thấu Kính, Độ Phóng 10-30 lần. Phù Hợp Đi Du Lịch, Dã Ngoại, Leo Núi.
Ống nhòm một mắt chống nước, chống sương mù Barska Blackhawk 10x40 WP (Hãng Barska - Mỹ)
[Trả góp 0%]Ống nhòm ngày quan sát tầm xa Barska Gladiator 25-125x - (Hãng Barska - Mỹ)
[Trả góp 0%]Ống Nhòm Fomei Zoom 7-21x40 ZCF New -  Sản xuất tại CH Séc
[Trả góp 0%]Ống Nhòm Một Mắt Fomei 10x25 MONO BEATER (Sản xuất tại CH Séc)
Ống nhòm hai mắt cao cấp 12X50 - Hàng nhập khẩu
Ống nhòm quân sự Barska 8x30 WP Battalion (có vạch ly giác)
[Trả góp 0%]Ống nhòm chống thấm nước Carson RD-042MO(10x42) (tìm ong rừng, ngắm chim) - Hãng USA
Ống nhòm một mắt Carson CF-618 - hãng USA
Ống nhòm chống nước kính ED Fomei 20-60x80 FOREMAN ED - Xuất xứ CH Séc
Ống nhòm cao cấp Carson VX-250 (Chuẩn nét HD, Chống sương mù và chống nước) - Hãng Carson – Mỹ
Ống nhòm svbony sv47, Ống Nhòm nhỏ gọn cho người lớn, kính viễn vọng không thấm nước chống hơi nước IPX7, Ống Nhòm FMC BAK4 để ngắm chim ngoài trời, Ống Nhòm birding với dây đeo cổ, quà tặng cho người mới bắt đầu
Svbony Sv42 Ống nhòm tầm xa 8x42 được xây dựng trong la bàn Rangefinder HD hoàn toàn đa lớp tráng phủ không thấm nước không sương mù Ống nhòm một mắt cho biển cắm trại du lịch
Svbony Sv45 10-30x50/10x50/12x50 Một Mắt Kính thiên văn mạnh mẽ HD FMC BAK4 lăng kính Ống nhòm không thấm nước cho ngắm chim Cắm Trại Đi Bộ Đường Dài du lịch ngoài trời hoạt động
Ống nhòm đôi du lịch cao cấp 3D 30x60 thích hợp ngắm cảnh leo núi hay quan sát các cuộc thi thể thao,...
Svbony sa201 Ống Nhòm Hai Mắt quân sự biển range7x50 IPX7 nổi không thấm nước BAK4 lăng kính Porro FMC Rangefinder la bàn với dây nịt Kính thiên văn công suất cao nhỏ gọn để chèo thuyền điều hướng du lịch kiểm tra rừng câu cá
SVBONY SV49 Monocular Telescope Zoom 13x50 /10-30X50 Long Range High Definition Waterproof Handheld Portable Thermal Monocular for Travel Birdwatching Moonwatching
Ống nhòm đo khoảng cách cao cấp Carson LiteWave Pro RF-700
Svbony Ống nhòm một mắt sx32 8x42 10x42 2 vật kính FMC BAK4 IPX5 không thấm nước di động cho ngắm chim du lịch
Kính Thiên Văn Một Mắt Sv28, Kính Đôi Có Đèn Pha, Chống Nước Bak4 Fmc, Có Chân Máy Để Cắm Trại, Dụng Cụ Đi Sử Dụng Ngoài Trời Mạnh Mẽ
Ống nhòm một mắt zoom 7x - 21x Carson ZM-721 - USA
[Trả góp 0%]Ống nhòm đêm quay phim chụp ảnh kỹ thuật số Carson Aura Plus NV-250 (Hãng Carson - Mỹ)
[Trả góp 0%] Ống nhòm Carson JR-042 (10x42) - (Chống nước, sương mù) (Hãng Carson - USA)
【Hot Sale】SVBONY SV206 10x50 Binoculars for Adults Outdoor Remote Observation BAK4 FMC Full Size Waterproof with Neck Strap Zoom Binoculars Long Range Original for Concert Stargazing and Planets
SVBONY SV501P Telescope for Beginners Adults Kids, 70mm Aperture 400mm AZ Mount, Refractor Telescope, Astronomical Telescope for Birthday Gift Travel, with Tripod and Backpack
Ống nhòm hai mắt Carson MK-042 (10x42mm - Hãng  - Mỹ
Ống nhòm dòng Carson model RD-826 - Carson Mỹ
8x21 1 ống nhòm một mắt nhỏ gọn Độ nét cao xách tay FMC BAK4 với túi cho quan sát và nhiếp ảnh
Ống nhòm Carson JD-718 MiniScout - Hãng Carson - Mỹ
Ống nhòm chống thấm nước Carson SS-560 Everglade HD zoom 15x- 45x đi kèm với giá ba chân để bàn ( Hãng Carson – Mỹ)
THM Ống nhòm gấp gọn cho dụng cụ leo núi Cắm Trại Ngoài trời du lịch
Ống nhòm đôi Carson Tracker TZ-821 - Hàng chính hãng USA
[HCM]Ống Nhòm Du Lịch 2 Mắt Chuyên Dụng Nhìn Xuyên Đêm - Ống Nhòm 3D 2 Mắt 30x60 Góc Nhìn Rộng Hàng Nhập Khẩu.bảo hành 1 đổi 1
Ống nhòm svbony SV10 8x25, Ống Nhòm tiêu điểm ổn định, ống nhòm nhỏ gọn cho người lớn trẻ em, Ống Nhòm túi mini FMC phong cảnh du lịch đi bộ đường dài buổi hòa nhạc thi đấu thể thao đào tạo ngoài trời cắm trại
Ống nhòm chống nước kèm bộ chuyển đổi điện thoại thông minh Carson MonoPix MP-842IS
Ống nhòm viễn vọng chống nước Barska 20-60x80 WP Level (màu đen) - (Hãng Barska Mỹ)
[Trả góp 0%]Ống nhòm Carson RD-050 (10x50) - (Chống nước, sương mù) - (Hãng Carson - Mỹ)
Ống nhòm một mắt chống nước BARSKA 10-30x50mm
Ống nhòm Carson JD-822 - Hãng – Mỹ
Ống nhòm một mắt chống nước Carson WM-025 BLACKWAVE (Hãng Carson - Mỹ)
[ SALE 50% ] Ống nhòm 1 mắt Nikula 3025 Nhìn Xuyen Khoảng Cách, Ống Nhòm Du Lịch Sieu Xa ,Nhìn Xuyen Khoảng Cách . Ống Nhòm 1 Mắt 3 Thấu Kính, Độ Phóng 10-30 lần. Phù Hợp Đi Du Lịch, Dã Ngoại, Leo Núi.
Ống nhòm một mắt chống nước, chống sương mù Barska Blackhawk 10x40 WP (Hãng Barska - Mỹ)
[Trả góp 0%]Ống nhòm ngày quan sát tầm xa Barska Gladiator 25-125x - (Hãng Barska - Mỹ)
[Trả góp 0%]Ống Nhòm Fomei Zoom 7-21x40 ZCF New -  Sản xuất tại CH Séc
[Trả góp 0%]Ống Nhòm Một Mắt Fomei 10x25 MONO BEATER (Sản xuất tại CH Séc)
Ống nhòm hai mắt cao cấp 12X50 - Hàng nhập khẩu
Ống nhòm quân sự Barska 8x30 WP Battalion (có vạch ly giác)
[Trả góp 0%]Ống nhòm chống thấm nước Carson RD-042MO(10x42) (tìm ong rừng, ngắm chim) - Hãng USA
Ống nhòm một mắt Carson CF-618 - hãng USA
Ống nhòm chống nước kính ED Fomei 20-60x80 FOREMAN ED - Xuất xứ CH Séc
Ống nhòm cao cấp Carson VX-250 (Chuẩn nét HD, Chống sương mù và chống nước) - Hãng Carson – Mỹ
Ống nhòm svbony sv47, Ống Nhòm nhỏ gọn cho người lớn, kính viễn vọng không thấm nước chống hơi nước IPX7, Ống Nhòm FMC BAK4 để ngắm chim ngoài trời, Ống Nhòm birding với dây đeo cổ, quà tặng cho người mới bắt đầu
Svbony Sv42 Ống nhòm tầm xa 8x42 được xây dựng trong la bàn Rangefinder HD hoàn toàn đa lớp tráng phủ không thấm nước không sương mù Ống nhòm một mắt cho biển cắm trại du lịch
Svbony Sv45 10-30x50/10x50/12x50 Một Mắt Kính thiên văn mạnh mẽ HD FMC BAK4 lăng kính Ống nhòm không thấm nước cho ngắm chim Cắm Trại Đi Bộ Đường Dài du lịch ngoài trời hoạt động
Ống nhòm đôi du lịch cao cấp 3D 30x60 thích hợp ngắm cảnh leo núi hay quan sát các cuộc thi thể thao,...
Svbony sa201 Ống Nhòm Hai Mắt quân sự biển range7x50 IPX7 nổi không thấm nước BAK4 lăng kính Porro FMC Rangefinder la bàn với dây nịt Kính thiên văn công suất cao nhỏ gọn để chèo thuyền điều hướng du lịch kiểm tra rừng câu cá
SVBONY SV49 Monocular Telescope Zoom 13x50 /10-30X50 Long Range High Definition Waterproof Handheld Portable Thermal Monocular for Travel Birdwatching Moonwatching
Ống nhòm đo khoảng cách cao cấp Carson LiteWave Pro RF-700
Svbony Ống nhòm một mắt sx32 8x42 10x42 2 vật kính FMC BAK4 IPX5 không thấm nước di động cho ngắm chim du lịch
Kính Thiên Văn Một Mắt Sv28, Kính Đôi Có Đèn Pha, Chống Nước Bak4 Fmc, Có Chân Máy Để Cắm Trại, Dụng Cụ Đi Sử Dụng Ngoài Trời Mạnh Mẽ
Ống nhòm một mắt zoom 7x - 21x Carson ZM-721 - USA
[Trả góp 0%]Ống nhòm đêm quay phim chụp ảnh kỹ thuật số Carson Aura Plus NV-250 (Hãng Carson - Mỹ)
[Trả góp 0%] Ống nhòm Carson JR-042 (10x42) - (Chống nước, sương mù) (Hãng Carson - USA)
【Hot Sale】SVBONY SV206 10x50 Binoculars for Adults Outdoor Remote Observation BAK4 FMC Full Size Waterproof with Neck Strap Zoom Binoculars Long Range Original for Concert Stargazing and Planets
SVBONY SV501P Telescope for Beginners Adults Kids, 70mm Aperture 400mm AZ Mount, Refractor Telescope, Astronomical Telescope for Birthday Gift Travel, with Tripod and Backpack
Ống nhòm hai mắt Carson MK-042 (10x42mm - Hãng  - Mỹ
Ống nhòm dòng Carson model RD-826 - Carson Mỹ
8x21 1 ống nhòm một mắt nhỏ gọn Độ nét cao xách tay FMC BAK4 với túi cho quan sát và nhiếp ảnh
Ống nhòm Carson JD-718 MiniScout - Hãng Carson - Mỹ
Ống nhòm chống thấm nước Carson SS-560 Everglade HD zoom 15x- 45x đi kèm với giá ba chân để bàn ( Hãng Carson – Mỹ)
THM Ống nhòm gấp gọn cho dụng cụ leo núi Cắm Trại Ngoài trời du lịch
Ống nhòm đôi Carson Tracker TZ-821 - Hàng chính hãng USA
[HCM]Ống Nhòm Du Lịch 2 Mắt Chuyên Dụng Nhìn Xuyên Đêm - Ống Nhòm 3D 2 Mắt 30x60 Góc Nhìn Rộng Hàng Nhập Khẩu.bảo hành 1 đổi 1
Ống nhòm svbony SV10 8x25, Ống Nhòm tiêu điểm ổn định, ống nhòm nhỏ gọn cho người lớn trẻ em, Ống Nhòm túi mini FMC phong cảnh du lịch đi bộ đường dài buổi hòa nhạc thi đấu thể thao đào tạo ngoài trời cắm trại
Ống nhòm chống nước kèm bộ chuyển đổi điện thoại thông minh Carson MonoPix MP-842IS
Ống nhòm viễn vọng chống nước Barska 20-60x80 WP Level (màu đen) - (Hãng Barska Mỹ)
[Trả góp 0%]Ống nhòm Carson RD-050 (10x50) - (Chống nước, sương mù) - (Hãng Carson - Mỹ)
Ống nhòm một mắt chống nước BARSKA 10-30x50mm
Ống nhòm Carson JD-822 - Hãng – Mỹ
Ống nhòm một mắt chống nước Carson WM-025 BLACKWAVE (Hãng Carson - Mỹ)
[ SALE 50% ] Ống nhòm 1 mắt Nikula 3025 Nhìn Xuyen Khoảng Cách, Ống Nhòm Du Lịch Sieu Xa ,Nhìn Xuyen Khoảng Cách . Ống Nhòm 1 Mắt 3 Thấu Kính, Độ Phóng 10-30 lần. Phù Hợp Đi Du Lịch, Dã Ngoại, Leo Núi.
Ống nhòm một mắt chống nước, chống sương mù Barska Blackhawk 10x40 WP (Hãng Barska - Mỹ)
[Trả góp 0%]Ống nhòm ngày quan sát tầm xa Barska Gladiator 25-125x - (Hãng Barska - Mỹ)
[Trả góp 0%]Ống Nhòm Fomei Zoom 7-21x40 ZCF New -  Sản xuất tại CH Séc
[Trả góp 0%]Ống Nhòm Một Mắt Fomei 10x25 MONO BEATER (Sản xuất tại CH Séc)
Ống nhòm hai mắt cao cấp 12X50 - Hàng nhập khẩu
Ống nhòm quân sự Barska 8x30 WP Battalion (có vạch ly giác)
[Trả góp 0%]Ống nhòm chống thấm nước Carson RD-042MO(10x42) (tìm ong rừng, ngắm chim) - Hãng USA
Ống nhòm một mắt Carson CF-618 - hãng USA
Ống nhòm chống nước kính ED Fomei 20-60x80 FOREMAN ED - Xuất xứ CH Séc
Ống nhòm cao cấp Carson VX-250 (Chuẩn nét HD, Chống sương mù và chống nước) - Hãng Carson – Mỹ
Ống nhòm svbony sv47, Ống Nhòm nhỏ gọn cho người lớn, kính viễn vọng không thấm nước chống hơi nước IPX7, Ống Nhòm FMC BAK4 để ngắm chim ngoài trời, Ống Nhòm birding với dây đeo cổ, quà tặng cho người mới bắt đầu
Svbony Sv42 Ống nhòm tầm xa 8x42 được xây dựng trong la bàn Rangefinder HD hoàn toàn đa lớp tráng phủ không thấm nước không sương mù Ống nhòm một mắt cho biển cắm trại du lịch
Svbony Sv45 10-30x50/10x50/12x50 Một Mắt Kính thiên văn mạnh mẽ HD FMC BAK4 lăng kính Ống nhòm không thấm nước cho ngắm chim Cắm Trại Đi Bộ Đường Dài du lịch ngoài trời hoạt động
Ống nhòm đôi du lịch cao cấp 3D 30x60 thích hợp ngắm cảnh leo núi hay quan sát các cuộc thi thể thao,...
Svbony sa201 Ống Nhòm Hai Mắt quân sự biển range7x50 IPX7 nổi không thấm nước BAK4 lăng kính Porro FMC Rangefinder la bàn với dây nịt Kính thiên văn công suất cao nhỏ gọn để chèo thuyền điều hướng du lịch kiểm tra rừng câu cá
SVBONY SV49 Monocular Telescope Zoom 13x50 /10-30X50 Long Range High Definition Waterproof Handheld Portable Thermal Monocular for Travel Birdwatching Moonwatching
Ống nhòm đo khoảng cách cao cấp Carson LiteWave Pro RF-700
Svbony Ống nhòm một mắt sx32 8x42 10x42 2 vật kính FMC BAK4 IPX5 không thấm nước di động cho ngắm chim du lịch
Kính Thiên Văn Một Mắt Sv28, Kính Đôi Có Đèn Pha, Chống Nước Bak4 Fmc, Có Chân Máy Để Cắm Trại, Dụng Cụ Đi Sử Dụng Ngoài Trời Mạnh Mẽ
Ống nhòm một mắt zoom 7x - 21x Carson ZM-721 - USA
[Trả góp 0%]Ống nhòm đêm quay phim chụp ảnh kỹ thuật số Carson Aura Plus NV-250 (Hãng Carson - Mỹ)
[Trả góp 0%] Ống nhòm Carson JR-042 (10x42) - (Chống nước, sương mù) (Hãng Carson - USA)
【Hot Sale】SVBONY SV206 10x50 Binoculars for Adults Outdoor Remote Observation BAK4 FMC Full Size Waterproof with Neck Strap Zoom Binoculars Long Range Original for Concert Stargazing and Planets
SVBONY SV501P Telescope for Beginners Adults Kids, 70mm Aperture 400mm AZ Mount, Refractor Telescope, Astronomical Telescope for Birthday Gift Travel, with Tripod and Backpack
Ống nhòm hai mắt Carson MK-042 (10x42mm - Hãng  - Mỹ
Ống nhòm dòng Carson model RD-826 - Carson Mỹ
8x21 1 ống nhòm một mắt nhỏ gọn Độ nét cao xách tay FMC BAK4 với túi cho quan sát và nhiếp ảnh
Ống nhòm Carson JD-718 MiniScout - Hãng Carson - Mỹ
Ống nhòm chống thấm nước Carson SS-560 Everglade HD zoom 15x- 45x đi kèm với giá ba chân để bàn ( Hãng Carson – Mỹ)
THM Ống nhòm gấp gọn cho dụng cụ leo núi Cắm Trại Ngoài trời du lịch
Ống nhòm đôi Carson Tracker TZ-821 - Hàng chính hãng USA
[HCM]Ống Nhòm Du Lịch 2 Mắt Chuyên Dụng Nhìn Xuyên Đêm - Ống Nhòm 3D 2 Mắt 30x60 Góc Nhìn Rộng Hàng Nhập Khẩu.bảo hành 1 đổi 1
Ống nhòm svbony SV10 8x25, Ống Nhòm tiêu điểm ổn định, ống nhòm nhỏ gọn cho người lớn trẻ em, Ống Nhòm túi mini FMC phong cảnh du lịch đi bộ đường dài buổi hòa nhạc thi đấu thể thao đào tạo ngoài trời cắm trại
Ống nhòm chống nước kèm bộ chuyển đổi điện thoại thông minh Carson MonoPix MP-842IS
Ống nhòm viễn vọng chống nước Barska 20-60x80 WP Level (màu đen) - (Hãng Barska Mỹ)
[Trả góp 0%]Ống nhòm Carson RD-050 (10x50) - (Chống nước, sương mù) - (Hãng Carson - Mỹ)
Ống nhòm một mắt chống nước BARSKA 10-30x50mm
Ống nhòm Carson JD-822 - Hãng – Mỹ
Ống nhòm một mắt chống nước Carson WM-025 BLACKWAVE (Hãng Carson - Mỹ)
[ SALE 50% ] Ống nhòm 1 mắt Nikula 3025 Nhìn Xuyen Khoảng Cách, Ống Nhòm Du Lịch Sieu Xa ,Nhìn Xuyen Khoảng Cách . Ống Nhòm 1 Mắt 3 Thấu Kính, Độ Phóng 10-30 lần. Phù Hợp Đi Du Lịch, Dã Ngoại, Leo Núi.
Ống nhòm một mắt chống nước, chống sương mù Barska Blackhawk 10x40 WP (Hãng Barska - Mỹ)
[Trả góp 0%]Ống nhòm ngày quan sát tầm xa Barska Gladiator 25-125x - (Hãng Barska - Mỹ)
[Trả góp 0%]Ống Nhòm Fomei Zoom 7-21x40 ZCF New -  Sản xuất tại CH Séc
[Trả góp 0%]Ống Nhòm Một Mắt Fomei 10x25 MONO BEATER (Sản xuất tại CH Séc)
Ống nhòm hai mắt cao cấp 12X50 - Hàng nhập khẩu
Ống nhòm quân sự Barska 8x30 WP Battalion (có vạch ly giác)
[Trả góp 0%]Ống nhòm chống thấm nước Carson RD-042MO(10x42) (tìm ong rừng, ngắm chim) - Hãng USA
Ống nhòm một mắt Carson CF-618 - hãng USA
Ống nhòm chống nước kính ED Fomei 20-60x80 FOREMAN ED - Xuất xứ CH Séc
Ống nhòm cao cấp Carson VX-250 (Chuẩn nét HD, Chống sương mù và chống nước) - Hãng Carson – Mỹ
Ống nhòm svbony sv47, Ống Nhòm nhỏ gọn cho người lớn, kính viễn vọng không thấm nước chống hơi nước IPX7, Ống Nhòm FMC BAK4 để ngắm chim ngoài trời, Ống Nhòm birding với dây đeo cổ, quà tặng cho người mới bắt đầu
Svbony Sv42 Ống nhòm tầm xa 8x42 được xây dựng trong la bàn Rangefinder HD hoàn toàn đa lớp tráng phủ không thấm nước không sương mù Ống nhòm một mắt cho biển cắm trại du lịch
Svbony Sv45 10-30x50/10x50/12x50 Một Mắt Kính thiên văn mạnh mẽ HD FMC BAK4 lăng kính Ống nhòm không thấm nước cho ngắm chim Cắm Trại Đi Bộ Đường Dài du lịch ngoài trời hoạt động
Ống nhòm đôi du lịch cao cấp 3D 30x60 thích hợp ngắm cảnh leo núi hay quan sát các cuộc thi thể thao,...
Svbony sa201 Ống Nhòm Hai Mắt quân sự biển range7x50 IPX7 nổi không thấm nước BAK4 lăng kính Porro FMC Rangefinder la bàn với dây nịt Kính thiên văn công suất cao nhỏ gọn để chèo thuyền điều hướng du lịch kiểm tra rừng câu cá
SVBONY SV49 Monocular Telescope Zoom 13x50 /10-30X50 Long Range High Definition Waterproof Handheld Portable Thermal Monocular for Travel Birdwatching Moonwatching
Ống nhòm đo khoảng cách cao cấp Carson LiteWave Pro RF-700
Svbony Ống nhòm một mắt sx32 8x42 10x42 2 vật kính FMC BAK4 IPX5 không thấm nước di động cho ngắm chim du lịch
Kính Thiên Văn Một Mắt Sv28, Kính Đôi Có Đèn Pha, Chống Nước Bak4 Fmc, Có Chân Máy Để Cắm Trại, Dụng Cụ Đi Sử Dụng Ngoài Trời Mạnh Mẽ
Ống nhòm một mắt zoom 7x - 21x Carson ZM-721 - USA
[Trả góp 0%]Ống nhòm đêm quay phim chụp ảnh kỹ thuật số Carson Aura Plus NV-250 (Hãng Carson - Mỹ)
[Trả góp 0%] Ống nhòm Carson JR-042 (10x42) - (Chống nước, sương mù) (Hãng Carson - USA)
【Hot Sale】SVBONY SV206 10x50 Binoculars for Adults Outdoor Remote Observation BAK4 FMC Full Size Waterproof with Neck Strap Zoom Binoculars Long Range Original for Concert Stargazing and Planets
SVBONY SV501P Telescope for Beginners Adults Kids, 70mm Aperture 400mm AZ Mount, Refractor Telescope, Astronomical Telescope for Birthday Gift Travel, with Tripod and Backpack
Ống nhòm hai mắt Carson MK-042 (10x42mm - Hãng  - Mỹ
Ống nhòm dòng Carson model RD-826 - Carson Mỹ
8x21 1 ống nhòm một mắt nhỏ gọn Độ nét cao xách tay FMC BAK4 với túi cho quan sát và nhiếp ảnh
Ống nhòm Carson JD-718 MiniScout - Hãng Carson - Mỹ
Ống nhòm chống thấm nước Carson SS-560 Everglade HD zoom 15x- 45x đi kèm với giá ba chân để bàn ( Hãng Carson – Mỹ)
THM Ống nhòm gấp gọn cho dụng cụ leo núi Cắm Trại Ngoài trời du lịch
Ống nhòm đôi Carson Tracker TZ-821 - Hàng chính hãng USA
[HCM]Ống Nhòm Du Lịch 2 Mắt Chuyên Dụng Nhìn Xuyên Đêm - Ống Nhòm 3D 2 Mắt 30x60 Góc Nhìn Rộng Hàng Nhập Khẩu.bảo hành 1 đổi 1
Ống nhòm svbony SV10 8x25, Ống Nhòm tiêu điểm ổn định, ống nhòm nhỏ gọn cho người lớn trẻ em, Ống Nhòm túi mini FMC phong cảnh du lịch đi bộ đường dài buổi hòa nhạc thi đấu thể thao đào tạo ngoài trời cắm trại
Ống nhòm chống nước kèm bộ chuyển đổi điện thoại thông minh Carson MonoPix MP-842IS
Ống nhòm viễn vọng chống nước Barska 20-60x80 WP Level (màu đen) - (Hãng Barska Mỹ)
[Trả góp 0%]Ống nhòm Carson RD-050 (10x50) - (Chống nước, sương mù) - (Hãng Carson - Mỹ)
Ống nhòm một mắt chống nước BARSKA 10-30x50mm
Ống nhòm Carson JD-822 - Hãng – Mỹ
Ống nhòm một mắt chống nước Carson WM-025 BLACKWAVE (Hãng Carson - Mỹ)
[ SALE 50% ] Ống nhòm 1 mắt Nikula 3025 Nhìn Xuyen Khoảng Cách, Ống Nhòm Du Lịch Sieu Xa ,Nhìn Xuyen Khoảng Cách . Ống Nhòm 1 Mắt 3 Thấu Kính, Độ Phóng 10-30 lần. Phù Hợp Đi Du Lịch, Dã Ngoại, Leo Núi.
Ống nhòm một mắt chống nước, chống sương mù Barska Blackhawk 10x40 WP (Hãng Barska - Mỹ)
[Trả góp 0%]Ống nhòm ngày quan sát tầm xa Barska Gladiator 25-125x - (Hãng Barska - Mỹ)
[Trả góp 0%]Ống Nhòm Fomei Zoom 7-21x40 ZCF New -  Sản xuất tại CH Séc
[Trả góp 0%]Ống Nhòm Một Mắt Fomei 10x25 MONO BEATER (Sản xuất tại CH Séc)
Ống nhòm hai mắt cao cấp 12X50 - Hàng nhập khẩu
Ống nhòm quân sự Barska 8x30 WP Battalion (có vạch ly giác)
[Trả góp 0%]Ống nhòm chống thấm nước Carson RD-042MO(10x42) (tìm ong rừng, ngắm chim) - Hãng USA
Ống nhòm một mắt Carson CF-618 - hãng USA
Ống nhòm chống nước kính ED Fomei 20-60x80 FOREMAN ED - Xuất xứ CH Séc
Ống nhòm cao cấp Carson VX-250 (Chuẩn nét HD, Chống sương mù và chống nước) - Hãng Carson – Mỹ
Ống nhòm svbony sv47, Ống Nhòm nhỏ gọn cho người lớn, kính viễn vọng không thấm nước chống hơi nước IPX7, Ống Nhòm FMC BAK4 để ngắm chim ngoài trời, Ống Nhòm birding với dây đeo cổ, quà tặng cho người mới bắt đầu
Svbony Sv42 Ống nhòm tầm xa 8x42 được xây dựng trong la bàn Rangefinder HD hoàn toàn đa lớp tráng phủ không thấm nước không sương mù Ống nhòm một mắt cho biển cắm trại du lịch
Svbony Sv45 10-30x50/10x50/12x50 Một Mắt Kính thiên văn mạnh mẽ HD FMC BAK4 lăng kính Ống nhòm không thấm nước cho ngắm chim Cắm Trại Đi Bộ Đường Dài du lịch ngoài trời hoạt động
Ống nhòm đôi du lịch cao cấp 3D 30x60 thích hợp ngắm cảnh leo núi hay quan sát các cuộc thi thể thao,...
Svbony sa201 Ống Nhòm Hai Mắt quân sự biển range7x50 IPX7 nổi không thấm nước BAK4 lăng kính Porro FMC Rangefinder la bàn với dây nịt Kính thiên văn công suất cao nhỏ gọn để chèo thuyền điều hướng du lịch kiểm tra rừng câu cá
SVBONY SV49 Monocular Telescope Zoom 13x50 /10-30X50 Long Range High Definition Waterproof Handheld Portable Thermal Monocular for Travel Birdwatching Moonwatching
Ống nhòm đo khoảng cách cao cấp Carson LiteWave Pro RF-700
Svbony Ống nhòm một mắt sx32 8x42 10x42 2 vật kính FMC BAK4 IPX5 không thấm nước di động cho ngắm chim du lịch
Kính Thiên Văn Một Mắt Sv28, Kính Đôi Có Đèn Pha, Chống Nước Bak4 Fmc, Có Chân Máy Để Cắm Trại, Dụng Cụ Đi Sử Dụng Ngoài Trời Mạnh Mẽ
Ống nhòm một mắt zoom 7x - 21x Carson ZM-721 - USA
[Trả góp 0%]Ống nhòm đêm quay phim chụp ảnh kỹ thuật số Carson Aura Plus NV-250 (Hãng Carson - Mỹ)
[Trả góp 0%] Ống nhòm Carson JR-042 (10x42) - (Chống nước, sương mù) (Hãng Carson - USA)
【Hot Sale】SVBONY SV206 10x50 Binoculars for Adults Outdoor Remote Observation BAK4 FMC Full Size Waterproof with Neck Strap Zoom Binoculars Long Range Original for Concert Stargazing and Planets
SVBONY SV501P Telescope for Beginners Adults Kids, 70mm Aperture 400mm AZ Mount, Refractor Telescope, Astronomical Telescope for Birthday Gift Travel, with Tripod and Backpack
Ống nhòm hai mắt Carson MK-042 (10x42mm - Hãng  - Mỹ
Ống nhòm dòng Carson model RD-826 - Carson Mỹ
8x21 1 ống nhòm một mắt nhỏ gọn Độ nét cao xách tay FMC BAK4 với túi cho quan sát và nhiếp ảnh
Ống nhòm Carson JD-718 MiniScout - Hãng Carson - Mỹ
Ống nhòm chống thấm nước Carson SS-560 Everglade HD zoom 15x- 45x đi kèm với giá ba chân để bàn ( Hãng Carson – Mỹ)
THM Ống nhòm gấp gọn cho dụng cụ leo núi Cắm Trại Ngoài trời du lịch
Ống nhòm đôi Carson Tracker TZ-821 - Hàng chính hãng USA
[HCM]Ống Nhòm Du Lịch 2 Mắt Chuyên Dụng Nhìn Xuyên Đêm - Ống Nhòm 3D 2 Mắt 30x60 Góc Nhìn Rộng Hàng Nhập Khẩu.bảo hành 1 đổi 1
Ống nhòm svbony SV10 8x25, Ống Nhòm tiêu điểm ổn định, ống nhòm nhỏ gọn cho người lớn trẻ em, Ống Nhòm túi mini FMC phong cảnh du lịch đi bộ đường dài buổi hòa nhạc thi đấu thể thao đào tạo ngoài trời cắm trại
Ống nhòm chống nước kèm bộ chuyển đổi điện thoại thông minh Carson MonoPix MP-842IS
Ống nhòm viễn vọng chống nước Barska 20-60x80 WP Level (màu đen) - (Hãng Barska Mỹ)
[Trả góp 0%]Ống nhòm Carson RD-050 (10x50) - (Chống nước, sương mù) - (Hãng Carson - Mỹ)
Ống nhòm một mắt chống nước BARSKA 10-30x50mm
Ống nhòm Carson JD-822 - Hãng – Mỹ
Ống nhòm một mắt chống nước Carson WM-025 BLACKWAVE (Hãng Carson - Mỹ)
[ SALE 50% ] Ống nhòm 1 mắt Nikula 3025 Nhìn Xuyen Khoảng Cách, Ống Nhòm Du Lịch Sieu Xa ,Nhìn Xuyen Khoảng Cách . Ống Nhòm 1 Mắt 3 Thấu Kính, Độ Phóng 10-30 lần. Phù Hợp Đi Du Lịch, Dã Ngoại, Leo Núi.
Ống nhòm một mắt chống nước, chống sương mù Barska Blackhawk 10x40 WP (Hãng Barska - Mỹ)
[Trả góp 0%]Ống nhòm ngày quan sát tầm xa Barska Gladiator 25-125x - (Hãng Barska - Mỹ)
[Trả góp 0%]Ống Nhòm Fomei Zoom 7-21x40 ZCF New -  Sản xuất tại CH Séc
[Trả góp 0%]Ống Nhòm Một Mắt Fomei 10x25 MONO BEATER (Sản xuất tại CH Séc)
Ống nhòm hai mắt cao cấp 12X50 - Hàng nhập khẩu
Ống nhòm quân sự Barska 8x30 WP Battalion (có vạch ly giác)
[Trả góp 0%]Ống nhòm chống thấm nước Carson RD-042MO(10x42) (tìm ong rừng, ngắm chim) - Hãng USA
Ống nhòm một mắt Carson CF-618 - hãng USA
Ống nhòm chống nước kính ED Fomei 20-60x80 FOREMAN ED - Xuất xứ CH Séc
Ống nhòm cao cấp Carson VX-250 (Chuẩn nét HD, Chống sương mù và chống nước) - Hãng Carson – Mỹ
Ống nhòm svbony sv47, Ống Nhòm nhỏ gọn cho người lớn, kính viễn vọng không thấm nước chống hơi nước IPX7, Ống Nhòm FMC BAK4 để ngắm chim ngoài trời, Ống Nhòm birding với dây đeo cổ, quà tặng cho người mới bắt đầu
Svbony Sv42 Ống nhòm tầm xa 8x42 được xây dựng trong la bàn Rangefinder HD hoàn toàn đa lớp tráng phủ không thấm nước không sương mù Ống nhòm một mắt cho biển cắm trại du lịch
Svbony Sv45 10-30x50/10x50/12x50 Một Mắt Kính thiên văn mạnh mẽ HD FMC BAK4 lăng kính Ống nhòm không thấm nước cho ngắm chim Cắm Trại Đi Bộ Đường Dài du lịch ngoài trời hoạt động
Ống nhòm đôi du lịch cao cấp 3D 30x60 thích hợp ngắm cảnh leo núi hay quan sát các cuộc thi thể thao,...
Svbony sa201 Ống Nhòm Hai Mắt quân sự biển range7x50 IPX7 nổi không thấm nước BAK4 lăng kính Porro FMC Rangefinder la bàn với dây nịt Kính thiên văn công suất cao nhỏ gọn để chèo thuyền điều hướng du lịch kiểm tra rừng câu cá
SVBONY SV49 Monocular Telescope Zoom 13x50 /10-30X50 Long Range High Definition Waterproof Handheld Portable Thermal Monocular for Travel Birdwatching Moonwatching
Ống nhòm đo khoảng cách cao cấp Carson LiteWave Pro RF-700
Svbony Ống nhòm một mắt sx32 8x42 10x42 2 vật kính FMC BAK4 IPX5 không thấm nước di động cho ngắm chim du lịch
Kính Thiên Văn Một Mắt Sv28, Kính Đôi Có Đèn Pha, Chống Nước Bak4 Fmc, Có Chân Máy Để Cắm Trại, Dụng Cụ Đi Sử Dụng Ngoài Trời Mạnh Mẽ
Ống nhòm một mắt zoom 7x - 21x Carson ZM-721 - USA
[Trả góp 0%]Ống nhòm đêm quay phim chụp ảnh kỹ thuật số Carson Aura Plus NV-250 (Hãng Carson - Mỹ)
[Trả góp 0%] Ống nhòm Carson JR-042 (10x42) - (Chống nước, sương mù) (Hãng Carson - USA)
【Hot Sale】SVBONY SV206 10x50 Binoculars for Adults Outdoor Remote Observation BAK4 FMC Full Size Waterproof with Neck Strap Zoom Binoculars Long Range Original for Concert Stargazing and Planets
SVBONY SV501P Telescope for Beginners Adults Kids, 70mm Aperture 400mm AZ Mount, Refractor Telescope, Astronomical Telescope for Birthday Gift Travel, with Tripod and Backpack
Ống nhòm hai mắt Carson MK-042 (10x42mm - Hãng  - Mỹ
Ống nhòm dòng Carson model RD-826 - Carson Mỹ
8x21 1 ống nhòm một mắt nhỏ gọn Độ nét cao xách tay FMC BAK4 với túi cho quan sát và nhiếp ảnh
Ống nhòm Carson JD-718 MiniScout - Hãng Carson - Mỹ
Ống nhòm chống thấm nước Carson SS-560 Everglade HD zoom 15x- 45x đi kèm với giá ba chân để bàn ( Hãng Carson – Mỹ)
THM Ống nhòm gấp gọn cho dụng cụ leo núi Cắm Trại Ngoài trời du lịch
Ống nhòm đôi Carson Tracker TZ-821 - Hàng chính hãng USA
[HCM]Ống Nhòm Du Lịch 2 Mắt Chuyên Dụng Nhìn Xuyên Đêm - Ống Nhòm 3D 2 Mắt 30x60 Góc Nhìn Rộng Hàng Nhập Khẩu.bảo hành 1 đổi 1
Ống nhòm svbony SV10 8x25, Ống Nhòm tiêu điểm ổn định, ống nhòm nhỏ gọn cho người lớn trẻ em, Ống Nhòm túi mini FMC phong cảnh du lịch đi bộ đường dài buổi hòa nhạc thi đấu thể thao đào tạo ngoài trời cắm trại
Ống nhòm chống nước kèm bộ chuyển đổi điện thoại thông minh Carson MonoPix MP-842IS
Ống nhòm viễn vọng chống nước Barska 20-60x80 WP Level (màu đen) - (Hãng Barska Mỹ)
[Trả góp 0%]Ống nhòm Carson RD-050 (10x50) - (Chống nước, sương mù) - (Hãng Carson - Mỹ)
Ống nhòm một mắt chống nước BARSKA 10-30x50mm
Ống nhòm Carson JD-822 - Hãng – Mỹ
Ống nhòm một mắt chống nước Carson WM-025 BLACKWAVE (Hãng Carson - Mỹ)
[ SALE 50% ] Ống nhòm 1 mắt Nikula 3025 Nhìn Xuyen Khoảng Cách, Ống Nhòm Du Lịch Sieu Xa ,Nhìn Xuyen Khoảng Cách . Ống Nhòm 1 Mắt 3 Thấu Kính, Độ Phóng 10-30 lần. Phù Hợp Đi Du Lịch, Dã Ngoại, Leo Núi.
Ống nhòm một mắt chống nước, chống sương mù Barska Blackhawk 10x40 WP (Hãng Barska - Mỹ)
[Trả góp 0%]Ống nhòm ngày quan sát tầm xa Barska Gladiator 25-125x - (Hãng Barska - Mỹ)
[Trả góp 0%]Ống Nhòm Fomei Zoom 7-21x40 ZCF New -  Sản xuất tại CH Séc
[Trả góp 0%]Ống Nhòm Một Mắt Fomei 10x25 MONO BEATER (Sản xuất tại CH Séc)
Ống nhòm hai mắt cao cấp 12X50 - Hàng nhập khẩu
Ống nhòm quân sự Barska 8x30 WP Battalion (có vạch ly giác)
[Trả góp 0%]Ống nhòm chống thấm nước Carson RD-042MO(10x42) (tìm ong rừng, ngắm chim) - Hãng USA
Ống nhòm một mắt Carson CF-618 - hãng USA
Ống nhòm chống nước kính ED Fomei 20-60x80 FOREMAN ED - Xuất xứ CH Séc
Ống nhòm cao cấp Carson VX-250 (Chuẩn nét HD, Chống sương mù và chống nước) - Hãng Carson – Mỹ
Ống nhòm svbony sv47, Ống Nhòm nhỏ gọn cho người lớn, kính viễn vọng không thấm nước chống hơi nước IPX7, Ống Nhòm FMC BAK4 để ngắm chim ngoài trời, Ống Nhòm birding với dây đeo cổ, quà tặng cho người mới bắt đầu
Svbony Sv42 Ống nhòm tầm xa 8x42 được xây dựng trong la bàn Rangefinder HD hoàn toàn đa lớp tráng phủ không thấm nước không sương mù Ống nhòm một mắt cho biển cắm trại du lịch
Svbony Sv45 10-30x50/10x50/12x50 Một Mắt Kính thiên văn mạnh mẽ HD FMC BAK4 lăng kính Ống nhòm không thấm nước cho ngắm chim Cắm Trại Đi Bộ Đường Dài du lịch ngoài trời hoạt động
Ống nhòm đôi du lịch cao cấp 3D 30x60 thích hợp ngắm cảnh leo núi hay quan sát các cuộc thi thể thao,...
Svbony sa201 Ống Nhòm Hai Mắt quân sự biển range7x50 IPX7 nổi không thấm nước BAK4 lăng kính Porro FMC Rangefinder la bàn với dây nịt Kính thiên văn công suất cao nhỏ gọn để chèo thuyền điều hướng du lịch kiểm tra rừng câu cá
SVBONY SV49 Monocular Telescope Zoom 13x50 /10-30X50 Long Range High Definition Waterproof Handheld Portable Thermal Monocular for Travel Birdwatching Moonwatching
Ống nhòm đo khoảng cách cao cấp Carson LiteWave Pro RF-700
Svbony Ống nhòm một mắt sx32 8x42 10x42 2 vật kính FMC BAK4 IPX5 không thấm nước di động cho ngắm chim du lịch
Kính Thiên Văn Một Mắt Sv28, Kính Đôi Có Đèn Pha, Chống Nước Bak4 Fmc, Có Chân Máy Để Cắm Trại, Dụng Cụ Đi Sử Dụng Ngoài Trời Mạnh Mẽ
Ống nhòm một mắt zoom 7x - 21x Carson ZM-721 - USA
[Trả góp 0%]Ống nhòm đêm quay phim chụp ảnh kỹ thuật số Carson Aura Plus NV-250 (Hãng Carson - Mỹ)
[Trả góp 0%] Ống nhòm Carson JR-042 (10x42) - (Chống nước, sương mù) (Hãng Carson - USA)
【Hot Sale】SVBONY SV206 10x50 Binoculars for Adults Outdoor Remote Observation BAK4 FMC Full Size Waterproof with Neck Strap Zoom Binoculars Long Range Original for Concert Stargazing and Planets
SVBONY SV501P Telescope for Beginners Adults Kids, 70mm Aperture 400mm AZ Mount, Refractor Telescope, Astronomical Telescope for Birthday Gift Travel, with Tripod and Backpack
Ống nhòm hai mắt Carson MK-042 (10x42mm - Hãng  - Mỹ
Ống nhòm dòng Carson model RD-826 - Carson Mỹ
8x21 1 ống nhòm một mắt nhỏ gọn Độ nét cao xách tay FMC BAK4 với túi cho quan sát và nhiếp ảnh
Ống nhòm Carson JD-718 MiniScout - Hãng Carson - Mỹ
Ống nhòm chống thấm nước Carson SS-560 Everglade HD zoom 15x- 45x đi kèm với giá ba chân để bàn ( Hãng Carson – Mỹ)
THM Ống nhòm gấp gọn cho dụng cụ leo núi Cắm Trại Ngoài trời du lịch
Ống nhòm đôi Carson Tracker TZ-821 - Hàng chính hãng USA
[HCM]Ống Nhòm Du Lịch 2 Mắt Chuyên Dụng Nhìn Xuyên Đêm - Ống Nhòm 3D 2 Mắt 30x60 Góc Nhìn Rộng Hàng Nhập Khẩu.bảo hành 1 đổi 1
Ống nhòm svbony SV10 8x25, Ống Nhòm tiêu điểm ổn định, ống nhòm nhỏ gọn cho người lớn trẻ em, Ống Nhòm túi mini FMC phong cảnh du lịch đi bộ đường dài buổi hòa nhạc thi đấu thể thao đào tạo ngoài trời cắm trại
Ống nhòm chống nước kèm bộ chuyển đổi điện thoại thông minh Carson MonoPix MP-842IS
Ống nhòm viễn vọng chống nước Barska 20-60x80 WP Level (màu đen) - (Hãng Barska Mỹ)
[Trả góp 0%]Ống nhòm Carson RD-050 (10x50) - (Chống nước, sương mù) - (Hãng Carson - Mỹ)
Ống nhòm một mắt chống nước BARSKA 10-30x50mm
Ống nhòm Carson JD-822 - Hãng – Mỹ
Ống nhòm một mắt chống nước Carson WM-025 BLACKWAVE (Hãng Carson - Mỹ)
[ SALE 50% ] Ống nhòm 1 mắt Nikula 3025 Nhìn Xuyen Khoảng Cách, Ống Nhòm Du Lịch Sieu Xa ,Nhìn Xuyen Khoảng Cách . Ống Nhòm 1 Mắt 3 Thấu Kính, Độ Phóng 10-30 lần. Phù Hợp Đi Du Lịch, Dã Ngoại, Leo Núi.
Ống nhòm một mắt chống nước, chống sương mù Barska Blackhawk 10x40 WP (Hãng Barska - Mỹ)
[Trả góp 0%]Ống nhòm ngày quan sát tầm xa Barska Gladiator 25-125x - (Hãng Barska - Mỹ)
[Trả góp 0%]Ống Nhòm Fomei Zoom 7-21x40 ZCF New -  Sản xuất tại CH Séc
[Trả góp 0%]Ống Nhòm Một Mắt Fomei 10x25 MONO BEATER (Sản xuất tại CH Séc)
Ống nhòm hai mắt cao cấp 12X50 - Hàng nhập khẩu
Ống nhòm quân sự Barska 8x30 WP Battalion (có vạch ly giác)
[Trả góp 0%]Ống nhòm chống thấm nước Carson RD-042MO(10x42) (tìm ong rừng, ngắm chim) - Hãng USA
Ống nhòm một mắt Carson CF-618 - hãng USA
Ống nhòm chống nước kính ED Fomei 20-60x80 FOREMAN ED - Xuất xứ CH Séc
Ống nhòm cao cấp Carson VX-250 (Chuẩn nét HD, Chống sương mù và chống nước) - Hãng Carson – Mỹ
Ống nhòm svbony sv47, Ống Nhòm nhỏ gọn cho người lớn, kính viễn vọng không thấm nước chống hơi nước IPX7, Ống Nhòm FMC BAK4 để ngắm chim ngoài trời, Ống Nhòm birding với dây đeo cổ, quà tặng cho người mới bắt đầu
Svbony Sv42 Ống nhòm tầm xa 8x42 được xây dựng trong la bàn Rangefinder HD hoàn toàn đa lớp tráng phủ không thấm nước không sương mù Ống nhòm một mắt cho biển cắm trại du lịch
Svbony Sv45 10-30x50/10x50/12x50 Một Mắt Kính thiên văn mạnh mẽ HD FMC BAK4 lăng kính Ống nhòm không thấm nước cho ngắm chim Cắm Trại Đi Bộ Đường Dài du lịch ngoài trời hoạt động
Ống nhòm đôi du lịch cao cấp 3D 30x60 thích hợp ngắm cảnh leo núi hay quan sát các cuộc thi thể thao,...
Svbony sa201 Ống Nhòm Hai Mắt quân sự biển range7x50 IPX7 nổi không thấm nước BAK4 lăng kính Porro FMC Rangefinder la bàn với dây nịt Kính thiên văn công suất cao nhỏ gọn để chèo thuyền điều hướng du lịch kiểm tra rừng câu cá
SVBONY SV49 Monocular Telescope Zoom 13x50 /10-30X50 Long Range High Definition Waterproof Handheld Portable Thermal Monocular for Travel Birdwatching Moonwatching
Ống nhòm đo khoảng cách cao cấp Carson LiteWave Pro RF-700
Svbony Ống nhòm một mắt sx32 8x42 10x42 2 vật kính FMC BAK4 IPX5 không thấm nước di động cho ngắm chim du lịch
Kính Thiên Văn Một Mắt Sv28, Kính Đôi Có Đèn Pha, Chống Nước Bak4 Fmc, Có Chân Máy Để Cắm Trại, Dụng Cụ Đi Sử Dụng Ngoài Trời Mạnh Mẽ
Ống nhòm một mắt zoom 7x - 21x Carson ZM-721 - USA
[Trả góp 0%]Ống nhòm đêm quay phim chụp ảnh kỹ thuật số Carson Aura Plus NV-250 (Hãng Carson - Mỹ)
[Trả góp 0%] Ống nhòm Carson JR-042 (10x42) - (Chống nước, sương mù) (Hãng Carson - USA)
【Hot Sale】SVBONY SV206 10x50 Binoculars for Adults Outdoor Remote Observation BAK4 FMC Full Size Waterproof with Neck Strap Zoom Binoculars Long Range Original for Concert Stargazing and Planets
SVBONY SV501P Telescope for Beginners Adults Kids, 70mm Aperture 400mm AZ Mount, Refractor Telescope, Astronomical Telescope for Birthday Gift Travel, with Tripod and Backpack
Ống nhòm hai mắt Carson MK-042 (10x42mm - Hãng  - Mỹ
Ống nhòm dòng Carson model RD-826 - Carson Mỹ
8x21 1 ống nhòm một mắt nhỏ gọn Độ nét cao xách tay FMC BAK4 với túi cho quan sát và nhiếp ảnh
Ống nhòm Carson JD-718 MiniScout - Hãng Carson - Mỹ
Ống nhòm chống thấm nước Carson SS-560 Everglade HD zoom 15x- 45x đi kèm với giá ba chân để bàn ( Hãng Carson – Mỹ)
THM Ống nhòm gấp gọn cho dụng cụ leo núi Cắm Trại Ngoài trời du lịch
Ống nhòm đôi Carson Tracker TZ-821 - Hàng chính hãng USA
[HCM]Ống Nhòm Du Lịch 2 Mắt Chuyên Dụng Nhìn Xuyên Đêm - Ống Nhòm 3D 2 Mắt 30x60 Góc Nhìn Rộng Hàng Nhập Khẩu.bảo hành 1 đổi 1
Ống nhòm svbony SV10 8x25, Ống Nhòm tiêu điểm ổn định, ống nhòm nhỏ gọn cho người lớn trẻ em, Ống Nhòm túi mini FMC phong cảnh du lịch đi bộ đường dài buổi hòa nhạc thi đấu thể thao đào tạo ngoài trời cắm trại
Ống nhòm chống nước kèm bộ chuyển đổi điện thoại thông minh Carson MonoPix MP-842IS
Ống nhòm viễn vọng chống nước Barska 20-60x80 WP Level (màu đen) - (Hãng Barska Mỹ)
[Trả góp 0%]Ống nhòm Carson RD-050 (10x50) - (Chống nước, sương mù) - (Hãng Carson - Mỹ)
Ống nhòm một mắt chống nước BARSKA 10-30x50mm
Ống nhòm Carson JD-822 - Hãng – Mỹ
Ống nhòm một mắt chống nước Carson WM-025 BLACKWAVE (Hãng Carson - Mỹ)
[ SALE 50% ] Ống nhòm 1 mắt Nikula 3025 Nhìn Xuyen Khoảng Cách, Ống Nhòm Du Lịch Sieu Xa ,Nhìn Xuyen Khoảng Cách . Ống Nhòm 1 Mắt 3 Thấu Kính, Độ Phóng 10-30 lần. Phù Hợp Đi Du Lịch, Dã Ngoại, Leo Núi.
Ống nhòm một mắt chống nước, chống sương mù Barska Blackhawk 10x40 WP (Hãng Barska - Mỹ)
[Trả góp 0%]Ống nhòm ngày quan sát tầm xa Barska Gladiator 25-125x - (Hãng Barska - Mỹ)
[Trả góp 0%]Ống Nhòm Fomei Zoom 7-21x40 ZCF New -  Sản xuất tại CH Séc
[Trả góp 0%]Ống Nhòm Một Mắt Fomei 10x25 MONO BEATER (Sản xuất tại CH Séc)
Ống nhòm hai mắt cao cấp 12X50 - Hàng nhập khẩu
Ống nhòm quân sự Barska 8x30 WP Battalion (có vạch ly giác)
[Trả góp 0%]Ống nhòm chống thấm nước Carson RD-042MO(10x42) (tìm ong rừng, ngắm chim) - Hãng USA
Ống nhòm một mắt Carson CF-618 - hãng USA
Ống nhòm chống nước kính ED Fomei 20-60x80 FOREMAN ED - Xuất xứ CH Séc
Ống nhòm cao cấp Carson VX-250 (Chuẩn nét HD, Chống sương mù và chống nước) - Hãng Carson – Mỹ
Ống nhòm svbony sv47, Ống Nhòm nhỏ gọn cho người lớn, kính viễn vọng không thấm nước chống hơi nước IPX7, Ống Nhòm FMC BAK4 để ngắm chim ngoài trời, Ống Nhòm birding với dây đeo cổ, quà tặng cho người mới bắt đầu
Svbony Sv42 Ống nhòm tầm xa 8x42 được xây dựng trong la bàn Rangefinder HD hoàn toàn đa lớp tráng phủ không thấm nước không sương mù Ống nhòm một mắt cho biển cắm trại du lịch
Svbony Sv45 10-30x50/10x50/12x50 Một Mắt Kính thiên văn mạnh mẽ HD FMC BAK4 lăng kính Ống nhòm không thấm nước cho ngắm chim Cắm Trại Đi Bộ Đường Dài du lịch ngoài trời hoạt động
Ống nhòm đôi du lịch cao cấp 3D 30x60 thích hợp ngắm cảnh leo núi hay quan sát các cuộc thi thể thao,...
Svbony sa201 Ống Nhòm Hai Mắt quân sự biển range7x50 IPX7 nổi không thấm nước BAK4 lăng kính Porro FMC Rangefinder la bàn với dây nịt Kính thiên văn công suất cao nhỏ gọn để chèo thuyền điều hướng du lịch kiểm tra rừng câu cá
SVBONY SV49 Monocular Telescope Zoom 13x50 /10-30X50 Long Range High Definition Waterproof Handheld Portable Thermal Monocular for Travel Birdwatching Moonwatching
Ống nhòm đo khoảng cách cao cấp Carson LiteWave Pro RF-700
Svbony Ống nhòm một mắt sx32 8x42 10x42 2 vật kính FMC BAK4 IPX5 không thấm nước di động cho ngắm chim du lịch
Kính Thiên Văn Một Mắt Sv28, Kính Đôi Có Đèn Pha, Chống Nước Bak4 Fmc, Có Chân Máy Để Cắm Trại, Dụng Cụ Đi Sử Dụng Ngoài Trời Mạnh Mẽ
Ống nhòm một mắt zoom 7x - 21x Carson ZM-721 - USA
[Trả góp 0%]Ống nhòm đêm quay phim chụp ảnh kỹ thuật số Carson Aura Plus NV-250 (Hãng Carson - Mỹ)
[Trả góp 0%] Ống nhòm Carson JR-042 (10x42) - (Chống nước, sương mù) (Hãng Carson - USA)
【Hot Sale】SVBONY SV206 10x50 Binoculars for Adults Outdoor Remote Observation BAK4 FMC Full Size Waterproof with Neck Strap Zoom Binoculars Long Range Original for Concert Stargazing and Planets
SVBONY SV501P Telescope for Beginners Adults Kids, 70mm Aperture 400mm AZ Mount, Refractor Telescope, Astronomical Telescope for Birthday Gift Travel, with Tripod and Backpack
Ống nhòm hai mắt Carson MK-042 (10x42mm - Hãng  - Mỹ
Ống nhòm dòng Carson model RD-826 - Carson Mỹ
8x21 1 ống nhòm một mắt nhỏ gọn Độ nét cao xách tay FMC BAK4 với túi cho quan sát và nhiếp ảnh
Ống nhòm Carson JD-718 MiniScout - Hãng Carson - Mỹ
Ống nhòm chống thấm nước Carson SS-560 Everglade HD zoom 15x- 45x đi kèm với giá ba chân để bàn ( Hãng Carson – Mỹ)
THM Ống nhòm gấp gọn cho dụng cụ leo núi Cắm Trại Ngoài trời du lịch
Ống nhòm đôi Carson Tracker TZ-821 - Hàng chính hãng USA
[HCM]Ống Nhòm Du Lịch 2 Mắt Chuyên Dụng Nhìn Xuyên Đêm - Ống Nhòm 3D 2 Mắt 30x60 Góc Nhìn Rộng Hàng Nhập Khẩu.bảo hành 1 đổi 1
Ống nhòm svbony SV10 8x25, Ống Nhòm tiêu điểm ổn định, ống nhòm nhỏ gọn cho người lớn trẻ em, Ống Nhòm túi mini FMC phong cảnh du lịch đi bộ đường dài buổi hòa nhạc thi đấu thể thao đào tạo ngoài trời cắm trại
Ống nhòm chống nước kèm bộ chuyển đổi điện thoại thông minh Carson MonoPix MP-842IS
Ống nhòm viễn vọng chống nước Barska 20-60x80 WP Level (màu đen) - (Hãng Barska Mỹ)
[Trả góp 0%]Ống nhòm Carson RD-050 (10x50) - (Chống nước, sương mù) - (Hãng Carson - Mỹ)
Ống nhòm một mắt chống nước BARSKA 10-30x50mm
Ống nhòm Carson JD-822 - Hãng – Mỹ
Ống nhòm một mắt chống nước Carson WM-025 BLACKWAVE (Hãng Carson - Mỹ)
[ SALE 50% ] Ống nhòm 1 mắt Nikula 3025 Nhìn Xuyen Khoảng Cách, Ống Nhòm Du Lịch Sieu Xa ,Nhìn Xuyen Khoảng Cách . Ống Nhòm 1 Mắt 3 Thấu Kính, Độ Phóng 10-30 lần. Phù Hợp Đi Du Lịch, Dã Ngoại, Leo Núi.
Ống nhòm một mắt chống nước, chống sương mù Barska Blackhawk 10x40 WP (Hãng Barska - Mỹ)
[Trả góp 0%]Ống nhòm ngày quan sát tầm xa Barska Gladiator 25-125x - (Hãng Barska - Mỹ)
[Trả góp 0%]Ống Nhòm Fomei Zoom 7-21x40 ZCF New -  Sản xuất tại CH Séc
[Trả góp 0%]Ống Nhòm Một Mắt Fomei 10x25 MONO BEATER (Sản xuất tại CH Séc)
Ống nhòm hai mắt cao cấp 12X50 - Hàng nhập khẩu
Ống nhòm quân sự Barska 8x30 WP Battalion (có vạch ly giác)
[Trả góp 0%]Ống nhòm chống thấm nước Carson RD-042MO(10x42) (tìm ong rừng, ngắm chim) - Hãng USA
Ống nhòm một mắt Carson CF-618 - hãng USA
Ống nhòm chống nước kính ED Fomei 20-60x80 FOREMAN ED - Xuất xứ CH Séc
Ống nhòm cao cấp Carson VX-250 (Chuẩn nét HD, Chống sương mù và chống nước) - Hãng Carson – Mỹ
Ống nhòm svbony sv47, Ống Nhòm nhỏ gọn cho người lớn, kính viễn vọng không thấm nước chống hơi nước IPX7, Ống Nhòm FMC BAK4 để ngắm chim ngoài trời, Ống Nhòm birding với dây đeo cổ, quà tặng cho người mới bắt đầu
Svbony Sv42 Ống nhòm tầm xa 8x42 được xây dựng trong la bàn Rangefinder HD hoàn toàn đa lớp tráng phủ không thấm nước không sương mù Ống nhòm một mắt cho biển cắm trại du lịch
Svbony Sv45 10-30x50/10x50/12x50 Một Mắt Kính thiên văn mạnh mẽ HD FMC BAK4 lăng kính Ống nhòm không thấm nước cho ngắm chim Cắm Trại Đi Bộ Đường Dài du lịch ngoài trời hoạt động
Ống nhòm đôi du lịch cao cấp 3D 30x60 thích hợp ngắm cảnh leo núi hay quan sát các cuộc thi thể thao,...
Svbony sa201 Ống Nhòm Hai Mắt quân sự biển range7x50 IPX7 nổi không thấm nước BAK4 lăng kính Porro FMC Rangefinder la bàn với dây nịt Kính thiên văn công suất cao nhỏ gọn để chèo thuyền điều hướng du lịch kiểm tra rừng câu cá
SVBONY SV49 Monocular Telescope Zoom 13x50 /10-30X50 Long Range High Definition Waterproof Handheld Portable Thermal Monocular for Travel Birdwatching Moonwatching
Ống nhòm đo khoảng cách cao cấp Carson LiteWave Pro RF-700
Svbony Ống nhòm một mắt sx32 8x42 10x42 2 vật kính FMC BAK4 IPX5 không thấm nước di động cho ngắm chim du lịch
Kính Thiên Văn Một Mắt Sv28, Kính Đôi Có Đèn Pha, Chống Nước Bak4 Fmc, Có Chân Máy Để Cắm Trại, Dụng Cụ Đi Sử Dụng Ngoài Trời Mạnh Mẽ
Ống nhòm một mắt zoom 7x - 21x Carson ZM-721 - USA
[Trả góp 0%]Ống nhòm đêm quay phim chụp ảnh kỹ thuật số Carson Aura Plus NV-250 (Hãng Carson - Mỹ)
[Trả góp 0%] Ống nhòm Carson JR-042 (10x42) - (Chống nước, sương mù) (Hãng Carson - USA)
【Hot Sale】SVBONY SV206 10x50 Binoculars for Adults Outdoor Remote Observation BAK4 FMC Full Size Waterproof with Neck Strap Zoom Binoculars Long Range Original for Concert Stargazing and Planets
SVBONY SV501P Telescope for Beginners Adults Kids, 70mm Aperture 400mm AZ Mount, Refractor Telescope, Astronomical Telescope for Birthday Gift Travel, with Tripod and Backpack
Ống nhòm hai mắt Carson MK-042 (10x42mm - Hãng  - Mỹ
Ống nhòm dòng Carson model RD-826 - Carson Mỹ
8x21 1 ống nhòm một mắt nhỏ gọn Độ nét cao xách tay FMC BAK4 với túi cho quan sát và nhiếp ảnh
Ống nhòm Carson JD-718 MiniScout - Hãng Carson - Mỹ
Ống nhòm chống thấm nước Carson SS-560 Everglade HD zoom 15x- 45x đi kèm với giá ba chân để bàn ( Hãng Carson – Mỹ)
THM Ống nhòm gấp gọn cho dụng cụ leo núi Cắm Trại Ngoài trời du lịch
Ống nhòm đôi Carson Tracker TZ-821 - Hàng chính hãng USA
[HCM]Ống Nhòm Du Lịch 2 Mắt Chuyên Dụng Nhìn Xuyên Đêm - Ống Nhòm 3D 2 Mắt 30x60 Góc Nhìn Rộng Hàng Nhập Khẩu.bảo hành 1 đổi 1
Ống nhòm svbony SV10 8x25, Ống Nhòm tiêu điểm ổn định, ống nhòm nhỏ gọn cho người lớn trẻ em, Ống Nhòm túi mini FMC phong cảnh du lịch đi bộ đường dài buổi hòa nhạc thi đấu thể thao đào tạo ngoài trời cắm trại
Ống nhòm chống nước kèm bộ chuyển đổi điện thoại thông minh Carson MonoPix MP-842IS
Ống nhòm viễn vọng chống nước Barska 20-60x80 WP Level (màu đen) - (Hãng Barska Mỹ)
[Trả góp 0%]Ống nhòm Carson RD-050 (10x50) - (Chống nước, sương mù) - (Hãng Carson - Mỹ)
Ống nhòm một mắt chống nước BARSKA 10-30x50mm
Ống nhòm Carson JD-822 - Hãng – Mỹ
Ống nhòm một mắt chống nước Carson WM-025 BLACKWAVE (Hãng Carson - Mỹ)
[ SALE 50% ] Ống nhòm 1 mắt Nikula 3025 Nhìn Xuyen Khoảng Cách, Ống Nhòm Du Lịch Sieu Xa ,Nhìn Xuyen Khoảng Cách . Ống Nhòm 1 Mắt 3 Thấu Kính, Độ Phóng 10-30 lần. Phù Hợp Đi Du Lịch, Dã Ngoại, Leo Núi.
Ống nhòm một mắt chống nước, chống sương mù Barska Blackhawk 10x40 WP (Hãng Barska - Mỹ)
[Trả góp 0%]Ống nhòm ngày quan sát tầm xa Barska Gladiator 25-125x - (Hãng Barska - Mỹ)
[Trả góp 0%]Ống Nhòm Fomei Zoom 7-21x40 ZCF New -  Sản xuất tại CH Séc
[Trả góp 0%]Ống Nhòm Một Mắt Fomei 10x25 MONO BEATER (Sản xuất tại CH Séc)
Ống nhòm hai mắt cao cấp 12X50 - Hàng nhập khẩu
Ống nhòm quân sự Barska 8x30 WP Battalion (có vạch ly giác)
[Trả góp 0%]Ống nhòm chống thấm nước Carson RD-042MO(10x42) (tìm ong rừng, ngắm chim) - Hãng USA
Ống nhòm một mắt Carson CF-618 - hãng USA
Ống nhòm chống nước kính ED Fomei 20-60x80 FOREMAN ED - Xuất xứ CH Séc
Ống nhòm cao cấp Carson VX-250 (Chuẩn nét HD, Chống sương mù và chống nước) - Hãng Carson – Mỹ
Ống nhòm svbony sv47, Ống Nhòm nhỏ gọn cho người lớn, kính viễn vọng không thấm nước chống hơi nước IPX7, Ống Nhòm FMC BAK4 để ngắm chim ngoài trời, Ống Nhòm birding với dây đeo cổ, quà tặng cho người mới bắt đầu
Svbony Sv42 Ống nhòm tầm xa 8x42 được xây dựng trong la bàn Rangefinder HD hoàn toàn đa lớp tráng phủ không thấm nước không sương mù Ống nhòm một mắt cho biển cắm trại du lịch
Svbony Sv45 10-30x50/10x50/12x50 Một Mắt Kính thiên văn mạnh mẽ HD FMC BAK4 lăng kính Ống nhòm không thấm nước cho ngắm chim Cắm Trại Đi Bộ Đường Dài du lịch ngoài trời hoạt động
Ống nhòm đôi du lịch cao cấp 3D 30x60 thích hợp ngắm cảnh leo núi hay quan sát các cuộc thi thể thao,...
Svbony sa201 Ống Nhòm Hai Mắt quân sự biển range7x50 IPX7 nổi không thấm nước BAK4 lăng kính Porro FMC Rangefinder la bàn với dây nịt Kính thiên văn công suất cao nhỏ gọn để chèo thuyền điều hướng du lịch kiểm tra rừng câu cá
SVBONY SV49 Monocular Telescope Zoom 13x50 /10-30X50 Long Range High Definition Waterproof Handheld Portable Thermal Monocular for Travel Birdwatching Moonwatching
Ống nhòm đo khoảng cách cao cấp Carson LiteWave Pro RF-700
Svbony Ống nhòm một mắt sx32 8x42 10x42 2 vật kính FMC BAK4 IPX5 không thấm nước di động cho ngắm chim du lịch
Kính Thiên Văn Một Mắt Sv28, Kính Đôi Có Đèn Pha, Chống Nước Bak4 Fmc, Có Chân Máy Để Cắm Trại, Dụng Cụ Đi Sử Dụng Ngoài Trời Mạnh Mẽ
Ống nhòm một mắt zoom 7x - 21x Carson ZM-721 - USA
[Trả góp 0%]Ống nhòm đêm quay phim chụp ảnh kỹ thuật số Carson Aura Plus NV-250 (Hãng Carson - Mỹ)
[Trả góp 0%] Ống nhòm Carson JR-042 (10x42) - (Chống nước, sương mù) (Hãng Carson - USA)
【Hot Sale】SVBONY SV206 10x50 Binoculars for Adults Outdoor Remote Observation BAK4 FMC Full Size Waterproof with Neck Strap Zoom Binoculars Long Range Original for Concert Stargazing and Planets
SVBONY SV501P Telescope for Beginners Adults Kids, 70mm Aperture 400mm AZ Mount, Refractor Telescope, Astronomical Telescope for Birthday Gift Travel, with Tripod and Backpack
Ống nhòm hai mắt Carson MK-042 (10x42mm - Hãng  - Mỹ
Ống nhòm dòng Carson model RD-826 - Carson Mỹ
8x21 1 ống nhòm một mắt nhỏ gọn Độ nét cao xách tay FMC BAK4 với túi cho quan sát và nhiếp ảnh
Ống nhòm Carson JD-718 MiniScout - Hãng Carson - Mỹ
Ống nhòm chống thấm nước Carson SS-560 Everglade HD zoom 15x- 45x đi kèm với giá ba chân để bàn ( Hãng Carson – Mỹ)
THM Ống nhòm gấp gọn cho dụng cụ leo núi Cắm Trại Ngoài trời du lịch
Ống nhòm đôi Carson Tracker TZ-821 - Hàng chính hãng USA
[HCM]Ống Nhòm Du Lịch 2 Mắt Chuyên Dụng Nhìn Xuyên Đêm - Ống Nhòm 3D 2 Mắt 30x60 Góc Nhìn Rộng Hàng Nhập Khẩu.bảo hành 1 đổi 1
Ống nhòm svbony SV10 8x25, Ống Nhòm tiêu điểm ổn định, ống nhòm nhỏ gọn cho người lớn trẻ em, Ống Nhòm túi mini FMC phong cảnh du lịch đi bộ đường dài buổi hòa nhạc thi đấu thể thao đào tạo ngoài trời cắm trại
Ống nhòm chống nước kèm bộ chuyển đổi điện thoại thông minh Carson MonoPix MP-842IS
Ống nhòm viễn vọng chống nước Barska 20-60x80 WP Level (màu đen) - (Hãng Barska Mỹ)
[Trả góp 0%]Ống nhòm Carson RD-050 (10x50) - (Chống nước, sương mù) - (Hãng Carson - Mỹ)
Ống nhòm một mắt chống nước BARSKA 10-30x50mm
Ống nhòm Carson JD-822 - Hãng – Mỹ
Ống nhòm một mắt chống nước Carson WM-025 BLACKWAVE (Hãng Carson - Mỹ)
[ SALE 50% ] Ống nhòm 1 mắt Nikula 3025 Nhìn Xuyen Khoảng Cách, Ống Nhòm Du Lịch Sieu Xa ,Nhìn Xuyen Khoảng Cách . Ống Nhòm 1 Mắt 3 Thấu Kính, Độ Phóng 10-30 lần. Phù Hợp Đi Du Lịch, Dã Ngoại, Leo Núi.
Ống nhòm một mắt chống nước, chống sương mù Barska Blackhawk 10x40 WP (Hãng Barska - Mỹ)
[Trả góp 0%]Ống nhòm ngày quan sát tầm xa Barska Gladiator 25-125x - (Hãng Barska - Mỹ)
[Trả góp 0%]Ống Nhòm Fomei Zoom 7-21x40 ZCF New -  Sản xuất tại CH Séc
[Trả góp 0%]Ống Nhòm Một Mắt Fomei 10x25 MONO BEATER (Sản xuất tại CH Séc)
Ống nhòm hai mắt cao cấp 12X50 - Hàng nhập khẩu
Ống nhòm quân sự Barska 8x30 WP Battalion (có vạch ly giác)
[Trả góp 0%]Ống nhòm chống thấm nước Carson RD-042MO(10x42) (tìm ong rừng, ngắm chim) - Hãng USA
Ống nhòm một mắt Carson CF-618 - hãng USA
Ống nhòm chống nước kính ED Fomei 20-60x80 FOREMAN ED - Xuất xứ CH Séc
Ống nhòm cao cấp Carson VX-250 (Chuẩn nét HD, Chống sương mù và chống nước) - Hãng Carson – Mỹ
Ống nhòm svbony sv47, Ống Nhòm nhỏ gọn cho người lớn, kính viễn vọng không thấm nước chống hơi nước IPX7, Ống Nhòm FMC BAK4 để ngắm chim ngoài trời, Ống Nhòm birding với dây đeo cổ, quà tặng cho người mới bắt đầu
Svbony Sv42 Ống nhòm tầm xa 8x42 được xây dựng trong la bàn Rangefinder HD hoàn toàn đa lớp tráng phủ không thấm nước không sương mù Ống nhòm một mắt cho biển cắm trại du lịch
Svbony Sv45 10-30x50/10x50/12x50 Một Mắt Kính thiên văn mạnh mẽ HD FMC BAK4 lăng kính Ống nhòm không thấm nước cho ngắm chim Cắm Trại Đi Bộ Đường Dài du lịch ngoài trời hoạt động
Ống nhòm đôi du lịch cao cấp 3D 30x60 thích hợp ngắm cảnh leo núi hay quan sát các cuộc thi thể thao,...
Svbony sa201 Ống Nhòm Hai Mắt quân sự biển range7x50 IPX7 nổi không thấm nước BAK4 lăng kính Porro FMC Rangefinder la bàn với dây nịt Kính thiên văn công suất cao nhỏ gọn để chèo thuyền điều hướng du lịch kiểm tra rừng câu cá
SVBONY SV49 Monocular Telescope Zoom 13x50 /10-30X50 Long Range High Definition Waterproof Handheld Portable Thermal Monocular for Travel Birdwatching Moonwatching
Ống nhòm đo khoảng cách cao cấp Carson LiteWave Pro RF-700
Svbony Ống nhòm một mắt sx32 8x42 10x42 2 vật kính FMC BAK4 IPX5 không thấm nước di động cho ngắm chim du lịch
Kính Thiên Văn Một Mắt Sv28, Kính Đôi Có Đèn Pha, Chống Nước Bak4 Fmc, Có Chân Máy Để Cắm Trại, Dụng Cụ Đi Sử Dụng Ngoài Trời Mạnh Mẽ
Ống nhòm một mắt zoom 7x - 21x Carson ZM-721 - USA
[Trả góp 0%]Ống nhòm đêm quay phim chụp ảnh kỹ thuật số Carson Aura Plus NV-250 (Hãng Carson - Mỹ)
[Trả góp 0%] Ống nhòm Carson JR-042 (10x42) - (Chống nước, sương mù) (Hãng Carson - USA)
【Hot Sale】SVBONY SV206 10x50 Binoculars for Adults Outdoor Remote Observation BAK4 FMC Full Size Waterproof with Neck Strap Zoom Binoculars Long Range Original for Concert Stargazing and Planets
SVBONY SV501P Telescope for Beginners Adults Kids, 70mm Aperture 400mm AZ Mount, Refractor Telescope, Astronomical Telescope for Birthday Gift Travel, with Tripod and Backpack
Ống nhòm hai mắt Carson MK-042 (10x42mm - Hãng  - Mỹ
Ống nhòm dòng Carson model RD-826 - Carson Mỹ
8x21 1 ống nhòm một mắt nhỏ gọn Độ nét cao xách tay FMC BAK4 với túi cho quan sát và nhiếp ảnh
Ống nhòm Carson JD-718 MiniScout - Hãng Carson - Mỹ
Ống nhòm chống thấm nước Carson SS-560 Everglade HD zoom 15x- 45x đi kèm với giá ba chân để bàn ( Hãng Carson – Mỹ)
THM Ống nhòm gấp gọn cho dụng cụ leo núi Cắm Trại Ngoài trời du lịch
Ống nhòm đôi Carson Tracker TZ-821 - Hàng chính hãng USA
[HCM]Ống Nhòm Du Lịch 2 Mắt Chuyên Dụng Nhìn Xuyên Đêm - Ống Nhòm 3D 2 Mắt 30x60 Góc Nhìn Rộng Hàng Nhập Khẩu.bảo hành 1 đổi 1
Ống nhòm svbony SV10 8x25, Ống Nhòm tiêu điểm ổn định, ống nhòm nhỏ gọn cho người lớn trẻ em, Ống Nhòm túi mini FMC phong cảnh du lịch đi bộ đường dài buổi hòa nhạc thi đấu thể thao đào tạo ngoài trời cắm trại
Ống nhòm chống nước kèm bộ chuyển đổi điện thoại thông minh Carson MonoPix MP-842IS
Ống nhòm viễn vọng chống nước Barska 20-60x80 WP Level (màu đen) - (Hãng Barska Mỹ)
[Trả góp 0%]Ống nhòm Carson RD-050 (10x50) - (Chống nước, sương mù) - (Hãng Carson - Mỹ)
Ống nhòm một mắt chống nước BARSKA 10-30x50mm
Ống nhòm Carson JD-822 - Hãng – Mỹ
Ống nhòm một mắt chống nước Carson WM-025 BLACKWAVE (Hãng Carson - Mỹ)
[ SALE 50% ] Ống nhòm 1 mắt Nikula 3025 Nhìn Xuyen Khoảng Cách, Ống Nhòm Du Lịch Sieu Xa ,Nhìn Xuyen Khoảng Cách . Ống Nhòm 1 Mắt 3 Thấu Kính, Độ Phóng 10-30 lần. Phù Hợp Đi Du Lịch, Dã Ngoại, Leo Núi.
Ống nhòm một mắt chống nước, chống sương mù Barska Blackhawk 10x40 WP (Hãng Barska - Mỹ)
[Trả góp 0%]Ống nhòm ngày quan sát tầm xa Barska Gladiator 25-125x - (Hãng Barska - Mỹ)
[Trả góp 0%]Ống Nhòm Fomei Zoom 7-21x40 ZCF New -  Sản xuất tại CH Séc
[Trả góp 0%]Ống Nhòm Một Mắt Fomei 10x25 MONO BEATER (Sản xuất tại CH Séc)
Ống nhòm hai mắt cao cấp 12X50 - Hàng nhập khẩu
Ống nhòm quân sự Barska 8x30 WP Battalion (có vạch ly giác)
[Trả góp 0%]Ống nhòm chống thấm nước Carson RD-042MO(10x42) (tìm ong rừng, ngắm chim) - Hãng USA
Ống nhòm một mắt Carson CF-618 - hãng USA
Ống nhòm chống nước kính ED Fomei 20-60x80 FOREMAN ED - Xuất xứ CH Séc
Ống nhòm cao cấp Carson VX-250 (Chuẩn nét HD, Chống sương mù và chống nước) - Hãng Carson – Mỹ
Ống nhòm svbony sv47, Ống Nhòm nhỏ gọn cho người lớn, kính viễn vọng không thấm nước chống hơi nước IPX7, Ống Nhòm FMC BAK4 để ngắm chim ngoài trời, Ống Nhòm birding với dây đeo cổ, quà tặng cho người mới bắt đầu
Svbony Sv42 Ống nhòm tầm xa 8x42 được xây dựng trong la bàn Rangefinder HD hoàn toàn đa lớp tráng phủ không thấm nước không sương mù Ống nhòm một mắt cho biển cắm trại du lịch
Svbony Sv45 10-30x50/10x50/12x50 Một Mắt Kính thiên văn mạnh mẽ HD FMC BAK4 lăng kính Ống nhòm không thấm nước cho ngắm chim Cắm Trại Đi Bộ Đường Dài du lịch ngoài trời hoạt động
Ống nhòm đôi du lịch cao cấp 3D 30x60 thích hợp ngắm cảnh leo núi hay quan sát các cuộc thi thể thao,...
Svbony sa201 Ống Nhòm Hai Mắt quân sự biển range7x50 IPX7 nổi không thấm nước BAK4 lăng kính Porro FMC Rangefinder la bàn với dây nịt Kính thiên văn công suất cao nhỏ gọn để chèo thuyền điều hướng du lịch kiểm tra rừng câu cá
SVBONY SV49 Monocular Telescope Zoom 13x50 /10-30X50 Long Range High Definition Waterproof Handheld Portable Thermal Monocular for Travel Birdwatching Moonwatching
Ống nhòm đo khoảng cách cao cấp Carson LiteWave Pro RF-700
Svbony Ống nhòm một mắt sx32 8x42 10x42 2 vật kính FMC BAK4 IPX5 không thấm nước di động cho ngắm chim du lịch
Kính Thiên Văn Một Mắt Sv28, Kính Đôi Có Đèn Pha, Chống Nước Bak4 Fmc, Có Chân Máy Để Cắm Trại, Dụng Cụ Đi Sử Dụng Ngoài Trời Mạnh Mẽ
Ống nhòm một mắt zoom 7x - 21x Carson ZM-721 - USA
[Trả góp 0%]Ống nhòm đêm quay phim chụp ảnh kỹ thuật số Carson Aura Plus NV-250 (Hãng Carson - Mỹ)
[Trả góp 0%] Ống nhòm Carson JR-042 (10x42) - (Chống nước, sương mù) (Hãng Carson - USA)
【Hot Sale】SVBONY SV206 10x50 Binoculars for Adults Outdoor Remote Observation BAK4 FMC Full Size Waterproof with Neck Strap Zoom Binoculars Long Range Original for Concert Stargazing and Planets
SVBONY SV501P Telescope for Beginners Adults Kids, 70mm Aperture 400mm AZ Mount, Refractor Telescope, Astronomical Telescope for Birthday Gift Travel, with Tripod and Backpack
Ống nhòm hai mắt Carson MK-042 (10x42mm - Hãng  - Mỹ
Ống nhòm dòng Carson model RD-826 - Carson Mỹ
8x21 1 ống nhòm một mắt nhỏ gọn Độ nét cao xách tay FMC BAK4 với túi cho quan sát và nhiếp ảnh
Ống nhòm Carson JD-718 MiniScout - Hãng Carson - Mỹ
Ống nhòm chống thấm nước Carson SS-560 Everglade HD zoom 15x- 45x đi kèm với giá ba chân để bàn ( Hãng Carson – Mỹ)
THM Ống nhòm gấp gọn cho dụng cụ leo núi Cắm Trại Ngoài trời du lịch
Ống nhòm đôi Carson Tracker TZ-821 - Hàng chính hãng USA
[HCM]Ống Nhòm Du Lịch 2 Mắt Chuyên Dụng Nhìn Xuyên Đêm - Ống Nhòm 3D 2 Mắt 30x60 Góc Nhìn Rộng Hàng Nhập Khẩu.bảo hành 1 đổi 1
Ống nhòm svbony SV10 8x25, Ống Nhòm tiêu điểm ổn định, ống nhòm nhỏ gọn cho người lớn trẻ em, Ống Nhòm túi mini FMC phong cảnh du lịch đi bộ đường dài buổi hòa nhạc thi đấu thể thao đào tạo ngoài trời cắm trại
Ống nhòm chống nước kèm bộ chuyển đổi điện thoại thông minh Carson MonoPix MP-842IS
Ống nhòm viễn vọng chống nước Barska 20-60x80 WP Level (màu đen) - (Hãng Barska Mỹ)
[Trả góp 0%]Ống nhòm Carson RD-050 (10x50) - (Chống nước, sương mù) - (Hãng Carson - Mỹ)
Ống nhòm một mắt chống nước BARSKA 10-30x50mm
Ống nhòm Carson JD-822 - Hãng – Mỹ
Ống nhòm một mắt chống nước Carson WM-025 BLACKWAVE (Hãng Carson - Mỹ)
[ SALE 50% ] Ống nhòm 1 mắt Nikula 3025 Nhìn Xuyen Khoảng Cách, Ống Nhòm Du Lịch Sieu Xa ,Nhìn Xuyen Khoảng Cách . Ống Nhòm 1 Mắt 3 Thấu Kính, Độ Phóng 10-30 lần. Phù Hợp Đi Du Lịch, Dã Ngoại, Leo Núi.
Ống nhòm một mắt chống nước, chống sương mù Barska Blackhawk 10x40 WP (Hãng Barska - Mỹ)
[Trả góp 0%]Ống nhòm ngày quan sát tầm xa Barska Gladiator 25-125x - (Hãng Barska - Mỹ)
[Trả góp 0%]Ống Nhòm Fomei Zoom 7-21x40 ZCF New -  Sản xuất tại CH Séc
[Trả góp 0%]Ống Nhòm Một Mắt Fomei 10x25 MONO BEATER (Sản xuất tại CH Séc)
Ống nhòm hai mắt cao cấp 12X50 - Hàng nhập khẩu
Ống nhòm quân sự Barska 8x30 WP Battalion (có vạch ly giác)
[Trả góp 0%]Ống nhòm chống thấm nước Carson RD-042MO(10x42) (tìm ong rừng, ngắm chim) - Hãng USA
Ống nhòm một mắt Carson CF-618 - hãng USA
Ống nhòm chống nước kính ED Fomei 20-60x80 FOREMAN ED - Xuất xứ CH Séc
Ống nhòm cao cấp Carson VX-250 (Chuẩn nét HD, Chống sương mù và chống nước) - Hãng Carson – Mỹ
Ống nhòm svbony sv47, Ống Nhòm nhỏ gọn cho người lớn, kính viễn vọng không thấm nước chống hơi nước IPX7, Ống Nhòm FMC BAK4 để ngắm chim ngoài trời, Ống Nhòm birding với dây đeo cổ, quà tặng cho người mới bắt đầu
Svbony Sv42 Ống nhòm tầm xa 8x42 được xây dựng trong la bàn Rangefinder HD hoàn toàn đa lớp tráng phủ không thấm nước không sương mù Ống nhòm một mắt cho biển cắm trại du lịch
Svbony Sv45 10-30x50/10x50/12x50 Một Mắt Kính thiên văn mạnh mẽ HD FMC BAK4 lăng kính Ống nhòm không thấm nước cho ngắm chim Cắm Trại Đi Bộ Đường Dài du lịch ngoài trời hoạt động
Ống nhòm đôi du lịch cao cấp 3D 30x60 thích hợp ngắm cảnh leo núi hay quan sát các cuộc thi thể thao,...
Svbony sa201 Ống Nhòm Hai Mắt quân sự biển range7x50 IPX7 nổi không thấm nước BAK4 lăng kính Porro FMC Rangefinder la bàn với dây nịt Kính thiên văn công suất cao nhỏ gọn để chèo thuyền điều hướng du lịch kiểm tra rừng câu cá
SVBONY SV49 Monocular Telescope Zoom 13x50 /10-30X50 Long Range High Definition Waterproof Handheld Portable Thermal Monocular for Travel Birdwatching Moonwatching
Ống nhòm đo khoảng cách cao cấp Carson LiteWave Pro RF-700
Svbony Ống nhòm một mắt sx32 8x42 10x42 2 vật kính FMC BAK4 IPX5 không thấm nước di động cho ngắm chim du lịch
Kính Thiên Văn Một Mắt Sv28, Kính Đôi Có Đèn Pha, Chống Nước Bak4 Fmc, Có Chân Máy Để Cắm Trại, Dụng Cụ Đi Sử Dụng Ngoài Trời Mạnh Mẽ
Ống nhòm một mắt zoom 7x - 21x Carson ZM-721 - USA
[Trả góp 0%]Ống nhòm đêm quay phim chụp ảnh kỹ thuật số Carson Aura Plus NV-250 (Hãng Carson - Mỹ)
[Trả góp 0%] Ống nhòm Carson JR-042 (10x42) - (Chống nước, sương mù) (Hãng Carson - USA)
【Hot Sale】SVBONY SV206 10x50 Binoculars for Adults Outdoor Remote Observation BAK4 FMC Full Size Waterproof with Neck Strap Zoom Binoculars Long Range Original for Concert Stargazing and Planets
SVBONY SV501P Telescope for Beginners Adults Kids, 70mm Aperture 400mm AZ Mount, Refractor Telescope, Astronomical Telescope for Birthday Gift Travel, with Tripod and Backpack
Ống nhòm hai mắt Carson MK-042 (10x42mm - Hãng  - Mỹ
Ống nhòm dòng Carson model RD-826 - Carson Mỹ
8x21 1 ống nhòm một mắt nhỏ gọn Độ nét cao xách tay FMC BAK4 với túi cho quan sát và nhiếp ảnh
Ống nhòm Carson JD-718 MiniScout - Hãng Carson - Mỹ
Ống nhòm chống thấm nước Carson SS-560 Everglade HD zoom 15x- 45x đi kèm với giá ba chân để bàn ( Hãng Carson – Mỹ)
THM Ống nhòm gấp gọn cho dụng cụ leo núi Cắm Trại Ngoài trời du lịch
Ống nhòm đôi Carson Tracker TZ-821 - Hàng chính hãng USA
[HCM]Ống Nhòm Du Lịch 2 Mắt Chuyên Dụng Nhìn Xuyên Đêm - Ống Nhòm 3D 2 Mắt 30x60 Góc Nhìn Rộng Hàng Nhập Khẩu.bảo hành 1 đổi 1
Ống nhòm svbony SV10 8x25, Ống Nhòm tiêu điểm ổn định, ống nhòm nhỏ gọn cho người lớn trẻ em, Ống Nhòm túi mini FMC phong cảnh du lịch đi bộ đường dài buổi hòa nhạc thi đấu thể thao đào tạo ngoài trời cắm trại
Ống nhòm chống nước kèm bộ chuyển đổi điện thoại thông minh Carson MonoPix MP-842IS
Ống nhòm viễn vọng chống nước Barska 20-60x80 WP Level (màu đen) - (Hãng Barska Mỹ)
[Trả góp 0%]Ống nhòm Carson RD-050 (10x50) - (Chống nước, sương mù) - (Hãng Carson - Mỹ)
Ống nhòm một mắt chống nước BARSKA 10-30x50mm
Ống nhòm Carson JD-822 - Hãng – Mỹ
Ống nhòm một mắt chống nước Carson WM-025 BLACKWAVE (Hãng Carson - Mỹ)
[ SALE 50% ] Ống nhòm 1 mắt Nikula 3025 Nhìn Xuyen Khoảng Cách, Ống Nhòm Du Lịch Sieu Xa ,Nhìn Xuyen Khoảng Cách . Ống Nhòm 1 Mắt 3 Thấu Kính, Độ Phóng 10-30 lần. Phù Hợp Đi Du Lịch, Dã Ngoại, Leo Núi.
Ống nhòm một mắt chống nước, chống sương mù Barska Blackhawk 10x40 WP (Hãng Barska - Mỹ)
[Trả góp 0%]Ống nhòm ngày quan sát tầm xa Barska Gladiator 25-125x - (Hãng Barska - Mỹ)
[Trả góp 0%]Ống Nhòm Fomei Zoom 7-21x40 ZCF New -  Sản xuất tại CH Séc
[Trả góp 0%]Ống Nhòm Một Mắt Fomei 10x25 MONO BEATER (Sản xuất tại CH Séc)
Ống nhòm hai mắt cao cấp 12X50 - Hàng nhập khẩu
Ống nhòm quân sự Barska 8x30 WP Battalion (có vạch ly giác)
[Trả góp 0%]Ống nhòm chống thấm nước Carson RD-042MO(10x42) (tìm ong rừng, ngắm chim) - Hãng USA
Ống nhòm một mắt Carson CF-618 - hãng USA
Ống nhòm chống nước kính ED Fomei 20-60x80 FOREMAN ED - Xuất xứ CH Séc
Ống nhòm cao cấp Carson VX-250 (Chuẩn nét HD, Chống sương mù và chống nước) - Hãng Carson – Mỹ
